-- PROMOCAO
INSERT INTO Promocao ([codpromo],[dtinicio],[dtfim]) VALUES(1, '2018-05-05','2022-04-01'),(2, '2019-01-29','2022-10-15'),(3, '2018-04-13','2022-02-04'),(4, '2019-02-26','2022-09-29'),(5, '2019-01-22','2022-10-12'),(6, '2019-04-06','2022-08-20'),(7, '2019-03-19','2022-07-17'),(8, '2018-01-29','2022-09-12'),(9, '2018-01-06','2022-08-03'),(10, '2019-06-24','2022-03-26');


-- INSUMO
INSERT INTO Insumo ([codinsumo],[qntestoque],[nome],[dtfabricacao],[dtvencimento]) VALUES(01,0,'H1G1','2019-04-21','2019-12-08'),(02,0,'C4U2','2019-03-24','2019-11-22'),(03,0,'S6O3','2019-06-29','2019-10-27'),(04,0,'B7E2','2019-05-16','2019-11-09'),(05,0,'Z6R7','2019-01-17','2019-09-30'),(06,0,'H3P1','2019-02-06','2019-08-17'),(07,0,'I2E2','2019-01-20','2019-11-06'),(08,0,'Q8Y9','2019-04-28','2020-01-01'),(09,0,'Q9Z8','2019-04-06','2019-12-21'),(10,0,'O2M7','2019-06-24','2019-07-03');
INSERT INTO Insumo ([codinsumo],[qntestoque],[nome],[dtfabricacao],[dtvencimento]) VALUES(11,0,'U5T9','2019-05-30','2019-10-26'),(12,0,'H4X1','2019-05-04','2019-11-23'),(13,0,'V3C8','2019-02-25','2019-12-06'),(14,0,'W3G6','2019-02-10','2019-10-08'),(15,0,'W4H7','2019-03-09','2019-08-16'),(16,0,'P9L7','2019-04-04','2019-07-28'),(17,0,'E9L2','2019-05-02','2019-07-04'),(18,0,'J7F6','2019-05-21','2019-10-17'),(19,0,'V8P8','2019-02-11','2019-09-02'),(20,0,'V4I0','2019-03-27','2019-11-26');
INSERT INTO Insumo ([codinsumo],[qntestoque],[nome],[dtfabricacao],[dtvencimento]) VALUES(21,0,'W1S6','2019-01-28','2019-11-11'),(22,0,'I1O5','2019-01-31','2019-10-07'),(23,0,'V6B7','2019-04-26','2019-09-16'),(24,0,'O8E0','2019-02-05','2019-12-10'),(25,0,'U3B1','2019-01-01','2019-09-28'),(26,0,'G7Q8','2019-04-23','2019-08-28'),(27,0,'J9Q7','2019-06-16','2019-07-05'),(28,0,'Y5T0','2019-05-22','2019-07-26'),(29,0,'X2U9','2019-03-07','2019-08-27'),(30,0,'O3Y6','2019-05-05','2019-07-19');
INSERT INTO Insumo ([codinsumo],[qntestoque],[nome],[dtfabricacao],[dtvencimento]) VALUES(31,0,'F8V5','2019-03-01','2019-07-15'),(32,0,'U5S2','2019-04-26','2019-08-30'),(33,0,'K6Y1','2019-03-29','2019-12-05'),(34,0,'N0S6','2019-03-16','2019-11-07'),(35,0,'P4A6','2019-06-16','2019-08-11'),(36,0,'X3F2','2019-01-08','2019-08-30'),(37,0,'S6Z4','2019-01-12','2019-10-19'),(38,0,'K1M1','2019-01-08','2019-09-07'),(39,0,'Q6V7','2019-01-28','2019-12-11'),(40,0,'S1Q5','2019-05-19','2019-09-01');
INSERT INTO Insumo ([codinsumo],[qntestoque],[nome],[dtfabricacao],[dtvencimento]) VALUES(41,0,'R8F5','2019-02-08','2019-10-24'),(42,0,'F3Z6','2019-02-25','2019-11-07'),(43,0,'L9P2','2019-05-11','2019-12-02'),(44,0,'T8W5','2019-04-25','2019-10-10'),(45,0,'J4J4','2019-04-22','2019-07-01'),(46,0,'T3L2','2019-04-22','2019-07-20'),(47,0,'E5Z6','2019-01-28','2019-11-19'),(48,0,'M8P9','2019-01-21','2019-10-17'),(49,0,'R2T6','2019-01-20','2019-08-27'),(50,0,'J1Z7','2019-06-29','2019-10-06');
INSERT INTO Insumo ([codinsumo],[qntestoque],[nome],[dtfabricacao],[dtvencimento]) VALUES(51,0,'S9T2','2019-05-22','2019-08-02'),(52,0,'Y4B7','2019-01-13','2019-10-16'),(53,0,'Q5S7','2019-05-18','2019-12-29'),(54,0,'P4L2','2019-02-04','2019-12-06'),(55,0,'W8C9','2019-06-11','2019-09-30'),(56,0,'P0C4','2019-02-08','2019-07-25'),(57,0,'C7I7','2019-02-11','2019-08-27'),(58,0,'N3F5','2019-03-08','2019-11-02'),(59,0,'H2A5','2019-06-25','2019-08-21'),(60,0,'M0W7','2019-03-01','2019-10-29');
INSERT INTO Insumo ([codinsumo],[qntestoque],[nome],[dtfabricacao],[dtvencimento]) VALUES(61,0,'L9I4','2019-03-30','2019-12-03'),(62,0,'O3E8','2019-05-18','2019-08-20'),(63,0,'S4Y0','2019-06-16','2019-09-02'),(64,0,'J7A7','2019-02-22','2019-08-08'),(65,0,'V1M7','2019-04-23','2019-09-08'),(66,0,'U6P5','2019-04-14','2019-12-16'),(67,0,'U3N4','2019-02-01','2019-08-15'),(68,0,'S9W7','2019-01-17','2019-07-28'),(69,0,'V8W1','2019-06-14','2019-08-05'),(70,0,'J6P9','2019-02-01','2019-10-15');
INSERT INTO Insumo ([codinsumo],[qntestoque],[nome],[dtfabricacao],[dtvencimento]) VALUES(71,0,'U0K3','2019-03-13','2019-11-11'),(72,0,'S8L5','2019-02-01','2019-12-15'),(73,0,'T5S9','2019-04-18','2019-08-26'),(74,0,'S6E8','2019-01-28','2019-08-06'),(75,0,'Y1S7','2019-06-03','2019-09-12'),(76,0,'B2B2','2019-02-21','2019-08-13'),(77,0,'X4O7','2019-04-08','2019-08-26'),(78,0,'J9A8','2019-04-15','2019-10-29'),(79,0,'H0G4','2019-04-04','2019-08-26'),(80,0,'B6F9','2019-03-05','2019-07-25');
INSERT INTO Insumo ([codinsumo],[qntestoque],[nome],[dtfabricacao],[dtvencimento]) VALUES(81,0,'U8A8','2019-03-13','2019-11-16'),(82,0,'U8D5','2019-03-02','2019-07-26'),(83,0,'O7X3','2019-05-02','2019-08-28'),(84,0,'H7Z9','2019-01-02','2019-10-09'),(85,0,'Z9S7','2019-03-10','2019-12-21'),(86,0,'C3R1','2019-06-18','2019-11-11'),(87,0,'J0X0','2019-01-22','2019-09-30'),(88,0,'Y0Z0','2019-04-03','2019-07-27'),(89,0,'N3H1','2019-05-19','2019-11-09'),(90,0,'Q0W2','2019-01-12','2019-12-28');
INSERT INTO Insumo ([codinsumo],[qntestoque],[nome],[dtfabricacao],[dtvencimento]) VALUES(91,0,'K8Z1','2019-05-28','2019-10-27'),(92,0,'J8K8','2019-01-31','2019-11-07'),(93,0,'P3A8','2019-05-08','2019-09-03'),(94,0,'O7R6','2019-06-08','2019-07-19'),(95,0,'V7J9','2019-01-02','2019-09-20'),(96,0,'R7I7','2019-03-27','2019-11-03'),(97,0,'K0X5','2019-04-03','2019-10-02'),(98,0,'G0W9','2019-01-15','2019-09-22'),(99,0,'K9S3','2019-02-12','2019-09-01'),(100,0,'G3Q8','2019-06-11','2019-08-01');

-- PESSOA (Tipo 0)
INSERT INTO Pessoa([codpessoa],[nome],[rua],[numero],[cep],[tipo]) VALUES(01,'Colorado Albert','Belgium',9243,'21135',0);
INSERT INTO Pessoa([codpessoa],[nome],[rua],[numero],[cep],[tipo]) VALUES(02,'Fuller Robles','Myanmar',9093,'18952',0);
INSERT INTO Pessoa([codpessoa],[nome],[rua],[numero],[cep],[tipo]) VALUES(03,'Cullen Hendricks','Kiribati',4125,'65056',0);
INSERT INTO Pessoa([codpessoa],[nome],[rua],[numero],[cep],[tipo]) VALUES(04,'Carlos Page','Morocco',4951,'86354',0);
INSERT INTO Pessoa([codpessoa],[nome],[rua],[numero],[cep],[tipo]) VALUES(05,'Acton Medina','Namibia',4452,'19753',0);
INSERT INTO Pessoa([codpessoa],[nome],[rua],[numero],[cep],[tipo]) VALUES(06,'Noble Dickerson','Falkland Islands',5807,'02493',0);
INSERT INTO Pessoa([codpessoa],[nome],[rua],[numero],[cep],[tipo]) VALUES(07,'Ivor Wilkinson','Madagascar',5274,'56395',0);
INSERT INTO Pessoa([codpessoa],[nome],[rua],[numero],[cep],[tipo]) VALUES(08,'Cade Bird','Bouvet Island',4889,'13395',0);
INSERT INTO Pessoa([codpessoa],[nome],[rua],[numero],[cep],[tipo]) VALUES(09,'Tanner Duncan','Ireland',7403,'38684',0);
INSERT INTO Pessoa([codpessoa],[nome],[rua],[numero],[cep],[tipo]) VALUES(10,'Tyrone Salinas','Mayotte',3437,'62170',0);
INSERT INTO Pessoa([codpessoa],[nome],[rua],[numero],[cep],[tipo]) VALUES(11,'Fritz Koch','Israel',5430,'46961',0);
INSERT INTO Pessoa([codpessoa],[nome],[rua],[numero],[cep],[tipo]) VALUES(12,'Amery Murphy','Mayotte',6719,'26287',0);
INSERT INTO Pessoa([codpessoa],[nome],[rua],[numero],[cep],[tipo]) VALUES(13,'Burke Graham','Kenya',3854,'83009',0);
INSERT INTO Pessoa([codpessoa],[nome],[rua],[numero],[cep],[tipo]) VALUES(14,'Justin Bean','Syria',8436,'43371',0);
INSERT INTO Pessoa([codpessoa],[nome],[rua],[numero],[cep],[tipo]) VALUES(15,'Leo Kline','Togo',1652,'39518',0);
INSERT INTO Pessoa([codpessoa],[nome],[rua],[numero],[cep],[tipo]) VALUES(16,'Edward Stewart','South Sudan',4062,'81110',0);
INSERT INTO Pessoa([codpessoa],[nome],[rua],[numero],[cep],[tipo]) VALUES(17,'Gary Briggs','Bonaire, Sint Eustatius and Saba',6003,'82026',0);
INSERT INTO Pessoa([codpessoa],[nome],[rua],[numero],[cep],[tipo]) VALUES(18,'Merritt Thornton','Montserrat',2886,'95493',0);
INSERT INTO Pessoa([codpessoa],[nome],[rua],[numero],[cep],[tipo]) VALUES(19,'Fitzgerald Roth','Sri Lanka',3623,'97506',0);
INSERT INTO Pessoa([codpessoa],[nome],[rua],[numero],[cep],[tipo]) VALUES(20,'Curran Mack','United States Minor Outlying Islands',8701,'07639',0);

-- PESSOA (Tipo 1)
INSERT INTO Pessoa([codpessoa],[nome],[rua],[numero],[cep],[tipo]) VALUES(021,'Kareem Chen','Albania',7105,'23450',1);
INSERT INTO Pessoa([codpessoa],[nome],[rua],[numero],[cep],[tipo]) VALUES(022,'Kuame Swanson','Mauritania',2353,'37433',1);
INSERT INTO Pessoa([codpessoa],[nome],[rua],[numero],[cep],[tipo]) VALUES(023,'Dean Russo','Argentina',2643,'35669',1);
INSERT INTO Pessoa([codpessoa],[nome],[rua],[numero],[cep],[tipo]) VALUES(024,'Mohammad Lancaster','Uzbekistan',4873,'10825',1);
INSERT INTO Pessoa([codpessoa],[nome],[rua],[numero],[cep],[tipo]) VALUES(025,'Nehru Chase','Portugal',634,'54769',1);
INSERT INTO Pessoa([codpessoa],[nome],[rua],[numero],[cep],[tipo]) VALUES(026,'Hector Simpson','Montenegro',5232,'08231',1);
INSERT INTO Pessoa([codpessoa],[nome],[rua],[numero],[cep],[tipo]) VALUES(027,'Marvin Faulkner','India',8253,'73912',1);
INSERT INTO Pessoa([codpessoa],[nome],[rua],[numero],[cep],[tipo]) VALUES(028,'Aristotle Alvarado','Italy',2579,'92470',1);
INSERT INTO Pessoa([codpessoa],[nome],[rua],[numero],[cep],[tipo]) VALUES(029,'Dale Huff','Andorra',6852,'68662',1);
INSERT INTO Pessoa([codpessoa],[nome],[rua],[numero],[cep],[tipo]) VALUES(030,'Lucas Chandler','Grenada',3155,'57478',1);
INSERT INTO Pessoa([codpessoa],[nome],[rua],[numero],[cep],[tipo]) VALUES(031,'Yardley Brooks','Monaco',3766,'28033',1);
INSERT INTO Pessoa([codpessoa],[nome],[rua],[numero],[cep],[tipo]) VALUES(032,'Amal Mcgowan','Mauritius',2207,'12561',1);
INSERT INTO Pessoa([codpessoa],[nome],[rua],[numero],[cep],[tipo]) VALUES(033,'Coby Irwin','Zambia',5518,'52729',1);
INSERT INTO Pessoa([codpessoa],[nome],[rua],[numero],[cep],[tipo]) VALUES(034,'Bert Booth','Turkmenistan',557,'14498',1);
INSERT INTO Pessoa([codpessoa],[nome],[rua],[numero],[cep],[tipo]) VALUES(035,'Ivan Melendez','Moldova',6920,'96088',1);
INSERT INTO Pessoa([codpessoa],[nome],[rua],[numero],[cep],[tipo]) VALUES(036,'Marsden Gray','Libya',6303,'79627',1);
INSERT INTO Pessoa([codpessoa],[nome],[rua],[numero],[cep],[tipo]) VALUES(037,'Caldwell May','Northern Mariana Islands',6594,'13698',1);
INSERT INTO Pessoa([codpessoa],[nome],[rua],[numero],[cep],[tipo]) VALUES(038,'Keith Mcintyre','Equatorial Guinea',9707,'88551',1);
INSERT INTO Pessoa([codpessoa],[nome],[rua],[numero],[cep],[tipo]) VALUES(039,'Garrett Davidson','Sri Lanka',557,'68460',1);
INSERT INTO Pessoa([codpessoa],[nome],[rua],[numero],[cep],[tipo]) VALUES(040,'Ashton Richards','Martinique',5619,'07352',1);
INSERT INTO Pessoa([codpessoa],[nome],[rua],[numero],[cep],[tipo]) VALUES(041,'Burke Saunders','Lesotho',5266,'56591',1);
INSERT INTO Pessoa([codpessoa],[nome],[rua],[numero],[cep],[tipo]) VALUES(042,'Cairo Boyle','Syria',5548,'80921',1);
INSERT INTO Pessoa([codpessoa],[nome],[rua],[numero],[cep],[tipo]) VALUES(043,'Phillip Dillon','Lithuania',495,'80660',1);
INSERT INTO Pessoa([codpessoa],[nome],[rua],[numero],[cep],[tipo]) VALUES(044,'Basil Doyle','Christmas Island',5447,'70487',1);
INSERT INTO Pessoa([codpessoa],[nome],[rua],[numero],[cep],[tipo]) VALUES(045,'Dean Boyle','Poland',3057,'08039',1);
INSERT INTO Pessoa([codpessoa],[nome],[rua],[numero],[cep],[tipo]) VALUES(046,'Merrill Reid','Palestine, State of',1113,'35720',1);
INSERT INTO Pessoa([codpessoa],[nome],[rua],[numero],[cep],[tipo]) VALUES(047,'Leo Sweet','Djibouti',7401,'51036',1);
INSERT INTO Pessoa([codpessoa],[nome],[rua],[numero],[cep],[tipo]) VALUES(048,'Vincent Hill','Vanuatu',8366,'97979',1);
INSERT INTO Pessoa([codpessoa],[nome],[rua],[numero],[cep],[tipo]) VALUES(049,'Quinlan Olsen','Germany',199,'15763',1);
INSERT INTO Pessoa([codpessoa],[nome],[rua],[numero],[cep],[tipo]) VALUES(050,'Hayes Daugherty','Azerbaijan',1321,'17718',1);
INSERT INTO Pessoa([codpessoa],[nome],[rua],[numero],[cep],[tipo]) VALUES(051,'Samson Donovan','Sri Lanka',1605,'69668',1);
INSERT INTO Pessoa([codpessoa],[nome],[rua],[numero],[cep],[tipo]) VALUES(052,'Hector Hendrix','Latvia',5566,'50634',1);
INSERT INTO Pessoa([codpessoa],[nome],[rua],[numero],[cep],[tipo]) VALUES(053,'Cooper Jennings','Micronesia',4683,'30075',1);
INSERT INTO Pessoa([codpessoa],[nome],[rua],[numero],[cep],[tipo]) VALUES(054,'Chaim Slater','Kyrgyzstan',2085,'07078',1);
INSERT INTO Pessoa([codpessoa],[nome],[rua],[numero],[cep],[tipo]) VALUES(055,'Myles Montgomery','Gambia',6790,'81439',1);
INSERT INTO Pessoa([codpessoa],[nome],[rua],[numero],[cep],[tipo]) VALUES(056,'Griffith Everett','Monaco',490,'75165',1);
INSERT INTO Pessoa([codpessoa],[nome],[rua],[numero],[cep],[tipo]) VALUES(057,'Noble Pittman','Israel',8317,'23549',1);
INSERT INTO Pessoa([codpessoa],[nome],[rua],[numero],[cep],[tipo]) VALUES(058,'Stephen Higgins','Namibia',3831,'61211',1);
INSERT INTO Pessoa([codpessoa],[nome],[rua],[numero],[cep],[tipo]) VALUES(059,'Wade Ratliff','Kuwait',3874,'78951',1);
INSERT INTO Pessoa([codpessoa],[nome],[rua],[numero],[cep],[tipo]) VALUES(060,'Baker Humphrey','Myanmar',3721,'25356',1);
INSERT INTO Pessoa([codpessoa],[nome],[rua],[numero],[cep],[tipo]) VALUES(061,'Aidan Harris','Cameroon',4570,'97864',1);
INSERT INTO Pessoa([codpessoa],[nome],[rua],[numero],[cep],[tipo]) VALUES(062,'Brandon Hopper','Rwanda',4084,'73722',1);
INSERT INTO Pessoa([codpessoa],[nome],[rua],[numero],[cep],[tipo]) VALUES(063,'Felix Conner','Bermuda',9594,'48997',1);
INSERT INTO Pessoa([codpessoa],[nome],[rua],[numero],[cep],[tipo]) VALUES(064,'Axel Silva','Turkey',1004,'13857',1);
INSERT INTO Pessoa([codpessoa],[nome],[rua],[numero],[cep],[tipo]) VALUES(065,'Arsenio Blake','Liberia',9752,'32811',1);
INSERT INTO Pessoa([codpessoa],[nome],[rua],[numero],[cep],[tipo]) VALUES(066,'Colorado Knox','Namibia',4230,'10714',1);
INSERT INTO Pessoa([codpessoa],[nome],[rua],[numero],[cep],[tipo]) VALUES(067,'Len England','Netherlands',16,'69884',1);
INSERT INTO Pessoa([codpessoa],[nome],[rua],[numero],[cep],[tipo]) VALUES(068,'Dale Cotton','Singapore',1529,'64271',1);
INSERT INTO Pessoa([codpessoa],[nome],[rua],[numero],[cep],[tipo]) VALUES(069,'Tanek Eaton','Faroe Islands',3836,'90305',1);
INSERT INTO Pessoa([codpessoa],[nome],[rua],[numero],[cep],[tipo]) VALUES(070,'Alexander Edwards','South Georgia and The South Sandwich Islands',8011,'30406',1);
INSERT INTO Pessoa([codpessoa],[nome],[rua],[numero],[cep],[tipo]) VALUES(071,'Wesley Blevins','Israel',5146,'20132',1);
INSERT INTO Pessoa([codpessoa],[nome],[rua],[numero],[cep],[tipo]) VALUES(072,'Mufutau Armstrong','Israel',5707,'03321',1);
INSERT INTO Pessoa([codpessoa],[nome],[rua],[numero],[cep],[tipo]) VALUES(073,'Joseph Mcintosh','Cameroon',6775,'47220',1);
INSERT INTO Pessoa([codpessoa],[nome],[rua],[numero],[cep],[tipo]) VALUES(074,'Hoyt Hatfield','Nepal',5110,'25451',1);
INSERT INTO Pessoa([codpessoa],[nome],[rua],[numero],[cep],[tipo]) VALUES(075,'Kevin Welch','Haiti',1639,'19834',1);
INSERT INTO Pessoa([codpessoa],[nome],[rua],[numero],[cep],[tipo]) VALUES(076,'Keegan Pittman','Germany',9329,'64301',1);
INSERT INTO Pessoa([codpessoa],[nome],[rua],[numero],[cep],[tipo]) VALUES(077,'Branden Jarvis','Heard Island and Mcdonald Islands',673,'38426',1);
INSERT INTO Pessoa([codpessoa],[nome],[rua],[numero],[cep],[tipo]) VALUES(078,'Kelly Yates','Bosnia and Herzegovina',3574,'75671',1);
INSERT INTO Pessoa([codpessoa],[nome],[rua],[numero],[cep],[tipo]) VALUES(079,'Kareem Kemp','South Africa',5258,'72877',1);
INSERT INTO Pessoa([codpessoa],[nome],[rua],[numero],[cep],[tipo]) VALUES(080,'Silas Melendez','Kenya',1836,'30333',1);
INSERT INTO Pessoa([codpessoa],[nome],[rua],[numero],[cep],[tipo]) VALUES(081,'Brady James','Trinidad and Tobago',3409,'28206',1);
INSERT INTO Pessoa([codpessoa],[nome],[rua],[numero],[cep],[tipo]) VALUES(082,'Addison Hubbard','Western Sahara',1296,'22733',1);
INSERT INTO Pessoa([codpessoa],[nome],[rua],[numero],[cep],[tipo]) VALUES(083,'Malik Dominguez','Iraq',773,'68435',1);
INSERT INTO Pessoa([codpessoa],[nome],[rua],[numero],[cep],[tipo]) VALUES(084,'Judah Bentley','Grenada',1262,'69707',1);
INSERT INTO Pessoa([codpessoa],[nome],[rua],[numero],[cep],[tipo]) VALUES(085,'Donovan Sweeney','Kiribati',2046,'06785',1);
INSERT INTO Pessoa([codpessoa],[nome],[rua],[numero],[cep],[tipo]) VALUES(086,'Macon Manning','French Guiana',7534,'89485',1);
INSERT INTO Pessoa([codpessoa],[nome],[rua],[numero],[cep],[tipo]) VALUES(087,'Brody Mendoza','Poland',4852,'66696',1);
INSERT INTO Pessoa([codpessoa],[nome],[rua],[numero],[cep],[tipo]) VALUES(088,'Keaton Clarke','Uganda',4581,'50715',1);
INSERT INTO Pessoa([codpessoa],[nome],[rua],[numero],[cep],[tipo]) VALUES(089,'Honorato Fuller','Belize',1309,'79727',1);
INSERT INTO Pessoa([codpessoa],[nome],[rua],[numero],[cep],[tipo]) VALUES(090,'Lance Ortega','Thailand',2474,'20732',1);
INSERT INTO Pessoa([codpessoa],[nome],[rua],[numero],[cep],[tipo]) VALUES(091,'Zane William','Antarctica',104,'72031',1);
INSERT INTO Pessoa([codpessoa],[nome],[rua],[numero],[cep],[tipo]) VALUES(092,'Darius House','Poland',842,'42402',1);
INSERT INTO Pessoa([codpessoa],[nome],[rua],[numero],[cep],[tipo]) VALUES(093,'Wesley Woods','Greece',3610,'69375',1);
INSERT INTO Pessoa([codpessoa],[nome],[rua],[numero],[cep],[tipo]) VALUES(094,'Devin Dominguez','Puerto Rico',2962,'82586',1);
INSERT INTO Pessoa([codpessoa],[nome],[rua],[numero],[cep],[tipo]) VALUES(095,'Hiram Sanchez','Taiwan',6737,'86625',1);
INSERT INTO Pessoa([codpessoa],[nome],[rua],[numero],[cep],[tipo]) VALUES(096,'Abraham Velez','Saint Martin',6199,'04660',1);
INSERT INTO Pessoa([codpessoa],[nome],[rua],[numero],[cep],[tipo]) VALUES(097,'Keaton Cervantes','Libya',6935,'09098',1);
INSERT INTO Pessoa([codpessoa],[nome],[rua],[numero],[cep],[tipo]) VALUES(098,'Dexter Sawyer','Ecuador',5465,'65131',1);
INSERT INTO Pessoa([codpessoa],[nome],[rua],[numero],[cep],[tipo]) VALUES(099,'Ethan Joyce','Austria',1224,'01817',1);
INSERT INTO Pessoa([codpessoa],[nome],[rua],[numero],[cep],[tipo]) VALUES(100,'Raja Taylor','Northern Mariana Islands',2354,'45599',1);
INSERT INTO Pessoa([codpessoa],[nome],[rua],[numero],[cep],[tipo]) VALUES(101,'Herrod Velazquez','Bosnia and Herzegovina',4673,'37789',1);
INSERT INTO Pessoa([codpessoa],[nome],[rua],[numero],[cep],[tipo]) VALUES(102,'Kenyon Caldwell','Kenya',3731,'44359',1);
INSERT INTO Pessoa([codpessoa],[nome],[rua],[numero],[cep],[tipo]) VALUES(103,'Matthew David','Cuba',5108,'54034',1);
INSERT INTO Pessoa([codpessoa],[nome],[rua],[numero],[cep],[tipo]) VALUES(104,'Berk Hensley','Estonia',1065,'11121',1);
INSERT INTO Pessoa([codpessoa],[nome],[rua],[numero],[cep],[tipo]) VALUES(105,'Orlando Howell','Congo, the Democratic Republic of the',3841,'63324',1);
INSERT INTO Pessoa([codpessoa],[nome],[rua],[numero],[cep],[tipo]) VALUES(106,'Dennis Allen','Brazil',6353,'95202',1);
INSERT INTO Pessoa([codpessoa],[nome],[rua],[numero],[cep],[tipo]) VALUES(107,'John Schwartz','Nigeria',1092,'21930',1);
INSERT INTO Pessoa([codpessoa],[nome],[rua],[numero],[cep],[tipo]) VALUES(108,'Silas Booth','Finland',5329,'05015',1);
INSERT INTO Pessoa([codpessoa],[nome],[rua],[numero],[cep],[tipo]) VALUES(109,'Elvis Buchanan','Mozambique',9333,'74973',1);
INSERT INTO Pessoa([codpessoa],[nome],[rua],[numero],[cep],[tipo]) VALUES(110,'Cooper Walter','Reunion',1578,'17666',1);
INSERT INTO Pessoa([codpessoa],[nome],[rua],[numero],[cep],[tipo]) VALUES(111,'Scott Guy','Mongolia',2290,'02189',1);
INSERT INTO Pessoa([codpessoa],[nome],[rua],[numero],[cep],[tipo]) VALUES(112,'Raphael Newton','Antarctica',9634,'49727',1);
INSERT INTO Pessoa([codpessoa],[nome],[rua],[numero],[cep],[tipo]) VALUES(113,'Slade Joyce','Western Sahara',3134,'90223',1);
INSERT INTO Pessoa([codpessoa],[nome],[rua],[numero],[cep],[tipo]) VALUES(114,'Jack Pennington','Armenia',8353,'78601',1);
INSERT INTO Pessoa([codpessoa],[nome],[rua],[numero],[cep],[tipo]) VALUES(115,'Hall Cotton','Tokelau',4923,'75994',1);
INSERT INTO Pessoa([codpessoa],[nome],[rua],[numero],[cep],[tipo]) VALUES(116,'Kareem Olson','Suriname',3659,'10255',1);
INSERT INTO Pessoa([codpessoa],[nome],[rua],[numero],[cep],[tipo]) VALUES(117,'Alvin George','Saint Martin',9483,'19620',1);
INSERT INTO Pessoa([codpessoa],[nome],[rua],[numero],[cep],[tipo]) VALUES(118,'Buckminster Juarez','Syria',274,'00055',1);
INSERT INTO Pessoa([codpessoa],[nome],[rua],[numero],[cep],[tipo]) VALUES(119,'Kermit Trevino','Grenada',885,'01436',1);
INSERT INTO Pessoa([codpessoa],[nome],[rua],[numero],[cep],[tipo]) VALUES(120,'Duncan Vargas','Korea, North',6218,'70223',1);

-- FORNECEDOR
INSERT INTO Fornecedor([codpessoa],[cnpj],[razao_social]) VALUES(01,'163706042','Mollis LLC');
INSERT INTO Fornecedor([codpessoa],[cnpj],[razao_social]) VALUES(02,'169605293','Ipsum Dolor Consulting');
INSERT INTO Fornecedor([codpessoa],[cnpj],[razao_social]) VALUES(03,'169712208','Egestas Associates');
INSERT INTO Fornecedor([codpessoa],[cnpj],[razao_social]) VALUES(04,'169010113','Donec Tempus Lorem PC');
INSERT INTO Fornecedor([codpessoa],[cnpj],[razao_social]) VALUES(05,'165802019','Egestas Ltd');
INSERT INTO Fornecedor([codpessoa],[cnpj],[razao_social]) VALUES(06,'164707077','Dolor Dolor Consulting');
INSERT INTO Fornecedor([codpessoa],[cnpj],[razao_social]) VALUES(07,'161405055','Lobortis Ultrices Foundation');
INSERT INTO Fornecedor([codpessoa],[cnpj],[razao_social]) VALUES(08,'168410072','Et PC');
INSERT INTO Fornecedor([codpessoa],[cnpj],[razao_social]) VALUES(09,'162007107','Elementum Corp.');
INSERT INTO Fornecedor([codpessoa],[cnpj],[razao_social]) VALUES(10,'163511253','Pretium Neque Consulting');
INSERT INTO Fornecedor([codpessoa],[cnpj],[razao_social]) VALUES(11,'164411172','A Purus Duis Industries');
INSERT INTO Fornecedor([codpessoa],[cnpj],[razao_social]) VALUES(12,'168211285','Nisl Corporation');
INSERT INTO Fornecedor([codpessoa],[cnpj],[razao_social]) VALUES(13,'169306229','Tincidunt Foundation');
INSERT INTO Fornecedor([codpessoa],[cnpj],[razao_social]) VALUES(14,'166001167','Donec Vitae Inc.');
INSERT INTO Fornecedor([codpessoa],[cnpj],[razao_social]) VALUES(15,'164501163','Vel Lectus Cum Corporation');
INSERT INTO Fornecedor([codpessoa],[cnpj],[razao_social]) VALUES(16,'163507022','Amet Metus Ltd');
INSERT INTO Fornecedor([codpessoa],[cnpj],[razao_social]) VALUES(17,'165903096','Ut Ipsum Ltd');
INSERT INTO Fornecedor([codpessoa],[cnpj],[razao_social]) VALUES(18,'167909084','Aliquet Proin Consulting');
INSERT INTO Fornecedor([codpessoa],[cnpj],[razao_social]) VALUES(19,'161708123','Velit Quisque Associates');
INSERT INTO Fornecedor([codpessoa],[cnpj],[razao_social]) VALUES(20,'160006050','Nisi Dictum Augue Corp.');

-- PESSOA_FISICA
INSERT INTO Pessoa_Fisica([codpessoa],[CPF],[dtnascimento],[telefone],[email]) VALUES(21,'7890199','1985-08-06','933798656','fringilla.mi@facilisis.com');
INSERT INTO Pessoa_Fisica([codpessoa],[CPF],[dtnascimento],[telefone],[email]) VALUES(22,'0796699','1968-03-18','674923725','magna.Ut.tincidunt@consequatdolorvitae.ca');
INSERT INTO Pessoa_Fisica([codpessoa],[CPF],[dtnascimento],[telefone],[email]) VALUES(23,'8166099','1988-03-30','285939981','volutpat@dolorelitpellentesque.co.uk');
INSERT INTO Pessoa_Fisica([codpessoa],[CPF],[dtnascimento],[telefone],[email]) VALUES(24,'2861599','1982-11-22','992112439','In.at@liberoProinsed.net');
INSERT INTO Pessoa_Fisica([codpessoa],[CPF],[dtnascimento],[telefone],[email]) VALUES(25,'1874699','1954-11-13','642282589','metus.eu.erat@Fuscefeugiat.edu');
INSERT INTO Pessoa_Fisica([codpessoa],[CPF],[dtnascimento],[telefone],[email]) VALUES(26,'8058299','1987-09-13','918964464','nunc.In.at@pellentesquemassalobortis.net');
INSERT INTO Pessoa_Fisica([codpessoa],[CPF],[dtnascimento],[telefone],[email]) VALUES(27,'0051699','1957-11-18','642252314','orci.Phasellus@montesnasceturridiculus.co.uk');
INSERT INTO Pessoa_Fisica([codpessoa],[CPF],[dtnascimento],[telefone],[email]) VALUES(28,'4654699','1975-07-21','274316464','nec.urna.et@pedeCumsociis.com');
INSERT INTO Pessoa_Fisica([codpessoa],[CPF],[dtnascimento],[telefone],[email]) VALUES(29,'2097999','1990-02-28','865692539','pede@dolorsitamet.co.uk');
INSERT INTO Pessoa_Fisica([codpessoa],[CPF],[dtnascimento],[telefone],[email]) VALUES(30,'6445199','1988-11-01','195265693','natoque@egestas.co.uk');
INSERT INTO Pessoa_Fisica([codpessoa],[CPF],[dtnascimento],[telefone],[email]) VALUES(31,'7931799','1993-01-22','828477694','suscipit@elitpharetraut.net');
INSERT INTO Pessoa_Fisica([codpessoa],[CPF],[dtnascimento],[telefone],[email]) VALUES(32,'6874599','1965-10-30','511563784','a@morbitristiquesenectus.ca');
INSERT INTO Pessoa_Fisica([codpessoa],[CPF],[dtnascimento],[telefone],[email]) VALUES(33,'1541199','1969-04-25','581252642','nisi.magna.sed@dignissimlacus.ca');
INSERT INTO Pessoa_Fisica([codpessoa],[CPF],[dtnascimento],[telefone],[email]) VALUES(34,'8681099','1974-08-19','248381227','lectus.convallis@mauris.com');
INSERT INTO Pessoa_Fisica([codpessoa],[CPF],[dtnascimento],[telefone],[email]) VALUES(35,'2459399','1963-12-16','592147219','bibendum@metus.ca');
INSERT INTO Pessoa_Fisica([codpessoa],[CPF],[dtnascimento],[telefone],[email]) VALUES(36,'0933799','1979-05-06','943339227','pede.malesuada.vel@quamelementum.ca');
INSERT INTO Pessoa_Fisica([codpessoa],[CPF],[dtnascimento],[telefone],[email]) VALUES(37,'6121899','1986-03-18','778146594','blandit@vitae.ca');
INSERT INTO Pessoa_Fisica([codpessoa],[CPF],[dtnascimento],[telefone],[email]) VALUES(38,'6624999','1956-12-07','226156334','Pellentesque.habitant@laoreet.edu');
INSERT INTO Pessoa_Fisica([codpessoa],[CPF],[dtnascimento],[telefone],[email]) VALUES(39,'0246099','1971-06-22','973953528','nisl.Maecenas.malesuada@aliquet.co.uk');
INSERT INTO Pessoa_Fisica([codpessoa],[CPF],[dtnascimento],[telefone],[email]) VALUES(40,'1346699','1956-12-21','348641555','nulla@massaSuspendisse.edu');
INSERT INTO Pessoa_Fisica([codpessoa],[CPF],[dtnascimento],[telefone],[email]) VALUES(41,'9263799','1994-10-29','547111491','Nam@Sedauctorodio.org');
INSERT INTO Pessoa_Fisica([codpessoa],[CPF],[dtnascimento],[telefone],[email]) VALUES(42,'0336499','1970-06-12','726192736','libero@acorciUt.edu');
INSERT INTO Pessoa_Fisica([codpessoa],[CPF],[dtnascimento],[telefone],[email]) VALUES(43,'9140299','2000-07-04','128638459','semper.erat@etmagnis.net');
INSERT INTO Pessoa_Fisica([codpessoa],[CPF],[dtnascimento],[telefone],[email]) VALUES(44,'7758699','1979-01-21','829929731','mauris@justoeu.co.uk');
INSERT INTO Pessoa_Fisica([codpessoa],[CPF],[dtnascimento],[telefone],[email]) VALUES(45,'0479599','1981-03-24','958811818','Phasellus.in.felis@accumsansedfacilisis.edu');
INSERT INTO Pessoa_Fisica([codpessoa],[CPF],[dtnascimento],[telefone],[email]) VALUES(46,'6678699','1995-06-01','322112548','convallis@lectusjustoeu.com');
INSERT INTO Pessoa_Fisica([codpessoa],[CPF],[dtnascimento],[telefone],[email]) VALUES(47,'9843499','1984-12-05','492731541','malesuada@Maurisnon.net');
INSERT INTO Pessoa_Fisica([codpessoa],[CPF],[dtnascimento],[telefone],[email]) VALUES(48,'9029599','1975-08-22','659871415','rutrum.justo.Praesent@facilisis.com');
INSERT INTO Pessoa_Fisica([codpessoa],[CPF],[dtnascimento],[telefone],[email]) VALUES(49,'8263599','1965-02-19','184635497','eu@semperegestas.com');
INSERT INTO Pessoa_Fisica([codpessoa],[CPF],[dtnascimento],[telefone],[email]) VALUES(50,'0543799','1960-12-27','663559597','est.congue@Proin.ca');
INSERT INTO Pessoa_Fisica([codpessoa],[CPF],[dtnascimento],[telefone],[email]) VALUES(51,'9290199','1983-06-28','342792761','id@lacusCras.org');
INSERT INTO Pessoa_Fisica([codpessoa],[CPF],[dtnascimento],[telefone],[email]) VALUES(52,'4370599','1988-01-27','557267838','magna.Cras@mi.org');
INSERT INTO Pessoa_Fisica([codpessoa],[CPF],[dtnascimento],[telefone],[email]) VALUES(53,'5180499','1983-05-28','363636279','Proin@turpisAliquam.ca');
INSERT INTO Pessoa_Fisica([codpessoa],[CPF],[dtnascimento],[telefone],[email]) VALUES(54,'0727599','1973-10-05','272942979','ultricies@atliberoMorbi.net');
INSERT INTO Pessoa_Fisica([codpessoa],[CPF],[dtnascimento],[telefone],[email]) VALUES(55,'6637199','1984-01-13','641396165','rhoncus.Donec@tempor.com');
INSERT INTO Pessoa_Fisica([codpessoa],[CPF],[dtnascimento],[telefone],[email]) VALUES(56,'8274499','1958-05-02','512817766','pede@nulla.co.uk');
INSERT INTO Pessoa_Fisica([codpessoa],[CPF],[dtnascimento],[telefone],[email]) VALUES(57,'3577199','1980-11-17','461215345','enim.mi@orci.edu');
INSERT INTO Pessoa_Fisica([codpessoa],[CPF],[dtnascimento],[telefone],[email]) VALUES(58,'5133799','2000-10-01','399629428','augue.scelerisque@liberolacus.com');
INSERT INTO Pessoa_Fisica([codpessoa],[CPF],[dtnascimento],[telefone],[email]) VALUES(59,'2072599','1971-05-08','979782898','libero.nec@volutpatNulla.ca');
INSERT INTO Pessoa_Fisica([codpessoa],[CPF],[dtnascimento],[telefone],[email]) VALUES(60,'7628599','1986-03-16','815187125','sit.amet.luctus@magnaet.co.uk');
INSERT INTO Pessoa_Fisica([codpessoa],[CPF],[dtnascimento],[telefone],[email]) VALUES(61,'0173999','1975-12-20','537792677','aliquet.Phasellus.fermentum@cursusaenim.edu');
INSERT INTO Pessoa_Fisica([codpessoa],[CPF],[dtnascimento],[telefone],[email]) VALUES(62,'5290299','1997-08-20','395328778','at.nisi@ametorciUt.net');
INSERT INTO Pessoa_Fisica([codpessoa],[CPF],[dtnascimento],[telefone],[email]) VALUES(63,'1290199','1971-08-26','755689536','interdum.enim@aliquetodio.ca');
INSERT INTO Pessoa_Fisica([codpessoa],[CPF],[dtnascimento],[telefone],[email]) VALUES(64,'1096999','1977-02-11','998788977','enim@Vivamusrhoncus.com');
INSERT INTO Pessoa_Fisica([codpessoa],[CPF],[dtnascimento],[telefone],[email]) VALUES(65,'6931899','1953-03-06','583953916','magna.et.ipsum@ipsum.com');
INSERT INTO Pessoa_Fisica([codpessoa],[CPF],[dtnascimento],[telefone],[email]) VALUES(66,'0387499','1998-09-04','911699645','nascetur@liberomauris.edu');
INSERT INTO Pessoa_Fisica([codpessoa],[CPF],[dtnascimento],[telefone],[email]) VALUES(67,'7053899','1986-08-15','964894386','tempor.diam@sapien.co.uk');
INSERT INTO Pessoa_Fisica([codpessoa],[CPF],[dtnascimento],[telefone],[email]) VALUES(68,'8743899','1956-10-09','767319697','montes.nascetur.ridiculus@semsemper.com');
INSERT INTO Pessoa_Fisica([codpessoa],[CPF],[dtnascimento],[telefone],[email]) VALUES(69,'4099599','1972-03-08','541882725','fermentum@luctuslobortisClass.com');
INSERT INTO Pessoa_Fisica([codpessoa],[CPF],[dtnascimento],[telefone],[email]) VALUES(70,'5241299','1978-11-04','812323632','purus.accumsan.interdum@consequatauctor.edu');
INSERT INTO Pessoa_Fisica([codpessoa],[CPF],[dtnascimento],[telefone],[email]) VALUES(71,'9326599','1965-09-17','966169282','iaculis.odio.Nam@musDonec.edu');
INSERT INTO Pessoa_Fisica([codpessoa],[CPF],[dtnascimento],[telefone],[email]) VALUES(72,'0020699','1966-03-29','614557547','sociis.natoque.penatibus@aultriciesadipiscing.edu');
INSERT INTO Pessoa_Fisica([codpessoa],[CPF],[dtnascimento],[telefone],[email]) VALUES(73,'2096799','1982-01-05','188394634','natoque.penatibus.et@odioAliquamvulputate.edu');
INSERT INTO Pessoa_Fisica([codpessoa],[CPF],[dtnascimento],[telefone],[email]) VALUES(74,'3389299','2000-04-24','361388264','nisi@felisDonec.edu');
INSERT INTO Pessoa_Fisica([codpessoa],[CPF],[dtnascimento],[telefone],[email]) VALUES(75,'1025799','1956-01-07','187134831','Nullam.nisl@Duisat.org');
INSERT INTO Pessoa_Fisica([codpessoa],[CPF],[dtnascimento],[telefone],[email]) VALUES(76,'8221099','1975-12-26','299163132','scelerisque@antebibendum.ca');
INSERT INTO Pessoa_Fisica([codpessoa],[CPF],[dtnascimento],[telefone],[email]) VALUES(77,'8539399','1976-08-20','725978364','dolor@nonlobortis.co.uk');
INSERT INTO Pessoa_Fisica([codpessoa],[CPF],[dtnascimento],[telefone],[email]) VALUES(78,'2891999','1988-08-16','784297479','iaculis@egetodio.com');
INSERT INTO Pessoa_Fisica([codpessoa],[CPF],[dtnascimento],[telefone],[email]) VALUES(79,'6679799','1984-10-19','687873815','Pellentesque@ligula.com');
INSERT INTO Pessoa_Fisica([codpessoa],[CPF],[dtnascimento],[telefone],[email]) VALUES(80,'5785299','1953-11-14','524912444','dolor.sit.amet@Donec.ca');
INSERT INTO Pessoa_Fisica([codpessoa],[CPF],[dtnascimento],[telefone],[email]) VALUES(81,'6967299','1986-03-15','973378262','ornare.lectus@enimgravida.ca');
INSERT INTO Pessoa_Fisica([codpessoa],[CPF],[dtnascimento],[telefone],[email]) VALUES(82,'0420899','1983-04-09','325997451','elit.pretium.et@elitsedconsequat.ca');
INSERT INTO Pessoa_Fisica([codpessoa],[CPF],[dtnascimento],[telefone],[email]) VALUES(83,'5392899','1993-07-14','616586615','luctus@Namligula.ca');
INSERT INTO Pessoa_Fisica([codpessoa],[CPF],[dtnascimento],[telefone],[email]) VALUES(84,'6796699','1959-09-13','352399864','neque.venenatis@luctuslobortis.ca');
INSERT INTO Pessoa_Fisica([codpessoa],[CPF],[dtnascimento],[telefone],[email]) VALUES(85,'5272399','2000-06-30','577937897','ligula.eu.enim@massa.co.uk');
INSERT INTO Pessoa_Fisica([codpessoa],[CPF],[dtnascimento],[telefone],[email]) VALUES(86,'5161499','1966-11-26','787242726','erat.nonummy@Vivamusnibhdolor.org');
INSERT INTO Pessoa_Fisica([codpessoa],[CPF],[dtnascimento],[telefone],[email]) VALUES(87,'9474299','1987-07-23','672213451','sed@nisiMauris.co.uk');
INSERT INTO Pessoa_Fisica([codpessoa],[CPF],[dtnascimento],[telefone],[email]) VALUES(88,'3835299','1980-05-24','374314364','arcu.et.pede@scelerisque.co.uk');
INSERT INTO Pessoa_Fisica([codpessoa],[CPF],[dtnascimento],[telefone],[email]) VALUES(89,'6696899','1995-10-02','783938467','quis.accumsan@enimSuspendissealiquet.edu');
INSERT INTO Pessoa_Fisica([codpessoa],[CPF],[dtnascimento],[telefone],[email]) VALUES(90,'3177199','1991-08-15','278174631','Donec@varius.org');
INSERT INTO Pessoa_Fisica([codpessoa],[CPF],[dtnascimento],[telefone],[email]) VALUES(91,'6023299','1972-01-09','451151418','varius@cursusetmagna.org');
INSERT INTO Pessoa_Fisica([codpessoa],[CPF],[dtnascimento],[telefone],[email]) VALUES(92,'5049399','2000-04-01','135426775','nascetur.ridiculus.mus@pedeultrices.com');
INSERT INTO Pessoa_Fisica([codpessoa],[CPF],[dtnascimento],[telefone],[email]) VALUES(93,'6362699','1952-12-02','275436892','risus.Donec@dictum.net');
INSERT INTO Pessoa_Fisica([codpessoa],[CPF],[dtnascimento],[telefone],[email]) VALUES(94,'9666999','1969-04-14','932216231','eleifend.nec.malesuada@necdiamDuis.co.uk');
INSERT INTO Pessoa_Fisica([codpessoa],[CPF],[dtnascimento],[telefone],[email]) VALUES(95,'9743099','1986-08-04','665244441','nibh.Phasellus.nulla@molestie.net');
INSERT INTO Pessoa_Fisica([codpessoa],[CPF],[dtnascimento],[telefone],[email]) VALUES(96,'2950499','1961-07-25','168776241','Duis.elementum@duinecurna.ca');
INSERT INTO Pessoa_Fisica([codpessoa],[CPF],[dtnascimento],[telefone],[email]) VALUES(97,'8850799','1964-02-22','579953288','sapien@Mauriseu.edu');
INSERT INTO Pessoa_Fisica([codpessoa],[CPF],[dtnascimento],[telefone],[email]) VALUES(98,'5922499','1978-01-26','728271657','fringilla@lobortisaugue.org');
INSERT INTO Pessoa_Fisica([codpessoa],[CPF],[dtnascimento],[telefone],[email]) VALUES(99,'2829299','1986-03-24','754954566','ante.bibendum@augueeu.org');
INSERT INTO Pessoa_Fisica([codpessoa],[CPF],[dtnascimento],[telefone],[email]) VALUES(100,'8349899','1995-04-25','74214617','in.magna.Phasellus@Loremipsum.edu');
INSERT INTO Pessoa_Fisica([codpessoa],[CPF],[dtnascimento],[telefone],[email]) VALUES(101,'3026499','1990-01-18','864382136','porttitor.vulputate@cursusa.net');
INSERT INTO Pessoa_Fisica([codpessoa],[CPF],[dtnascimento],[telefone],[email]) VALUES(102,'6571499','1998-10-27','289259841','dapibus.id@euelitNulla.org');
INSERT INTO Pessoa_Fisica([codpessoa],[CPF],[dtnascimento],[telefone],[email]) VALUES(103,'0928699','1988-12-17','317265484','ipsum@ataugue.org');
INSERT INTO Pessoa_Fisica([codpessoa],[CPF],[dtnascimento],[telefone],[email]) VALUES(104,'5632499','1999-08-20','797913554','vehicula.Pellentesque@duiaugue.net');
INSERT INTO Pessoa_Fisica([codpessoa],[CPF],[dtnascimento],[telefone],[email]) VALUES(105,'5687499','1967-03-07','493321465','interdum.enim.non@consectetuer.org');
INSERT INTO Pessoa_Fisica([codpessoa],[CPF],[dtnascimento],[telefone],[email]) VALUES(106,'4189699','1997-08-20','582513393','eu@turpisegestas.edu');
INSERT INTO Pessoa_Fisica([codpessoa],[CPF],[dtnascimento],[telefone],[email]) VALUES(107,'9479399','1971-12-01','641474171','Donec.nibh.enim@tellusPhasellus.com');
INSERT INTO Pessoa_Fisica([codpessoa],[CPF],[dtnascimento],[telefone],[email]) VALUES(108,'6495399','1969-12-25','376274581','nibh.Quisque.nonummy@purusaccumsan.ca');
INSERT INTO Pessoa_Fisica([codpessoa],[CPF],[dtnascimento],[telefone],[email]) VALUES(109,'4926199','1972-11-14','542352487','ligula@vulputateullamcorpermagna.org');
INSERT INTO Pessoa_Fisica([codpessoa],[CPF],[dtnascimento],[telefone],[email]) VALUES(110,'9035399','1982-09-08','483951369','Curabitur.sed@lectusconvallisest.com');
INSERT INTO Pessoa_Fisica([codpessoa],[CPF],[dtnascimento],[telefone],[email]) VALUES(111,'1971399','1961-07-05','579172243','adipiscing@adipiscinglacus.org');
INSERT INTO Pessoa_Fisica([codpessoa],[CPF],[dtnascimento],[telefone],[email]) VALUES(112,'4465099','1957-11-28','487449461','lacus.varius@necurna.org');
INSERT INTO Pessoa_Fisica([codpessoa],[CPF],[dtnascimento],[telefone],[email]) VALUES(113,'2530199','1966-11-19','795674657','Nulla.semper@fermentum.edu');
INSERT INTO Pessoa_Fisica([codpessoa],[CPF],[dtnascimento],[telefone],[email]) VALUES(114,'4626899','1997-08-08','868349548','felis.eget@velitduisemper.org');
INSERT INTO Pessoa_Fisica([codpessoa],[CPF],[dtnascimento],[telefone],[email]) VALUES(115,'0981499','1995-04-20','168549286','at@consectetueradipiscingelit.edu');
INSERT INTO Pessoa_Fisica([codpessoa],[CPF],[dtnascimento],[telefone],[email]) VALUES(116,'5575999','1993-03-03','965345556','nec@etnetuset.net');
INSERT INTO Pessoa_Fisica([codpessoa],[CPF],[dtnascimento],[telefone],[email]) VALUES(117,'4796699','1960-12-02','492821262','justo.eu@consequat.com');
INSERT INTO Pessoa_Fisica([codpessoa],[CPF],[dtnascimento],[telefone],[email]) VALUES(118,'7554099','1982-08-27','876918447','Nunc.quis@adipiscing.net');
INSERT INTO Pessoa_Fisica([codpessoa],[CPF],[dtnascimento],[telefone],[email]) VALUES(119,'7725899','1988-10-26','473563541','lobortis.risus.In@hendreritnequeIn.ca');
INSERT INTO Pessoa_Fisica([codpessoa],[CPF],[dtnascimento],[telefone],[email]) VALUES(120,'5695099','1998-09-22','876845247','mauris.id.sapien@veliteu.com');

-- COLABORADOR
INSERT INTO Colaborador([codpessoa],[login],[senha],[salario],[comissao],[numero_vendas]) VALUES(21,'tellus.','21YPX','3082',0,0);
INSERT INTO Colaborador([codpessoa],[login],[senha],[salario],[comissao],[numero_vendas]) VALUES(22,'euismod','00BAM','3798',0,0);
INSERT INTO Colaborador([codpessoa],[login],[senha],[salario],[comissao],[numero_vendas]) VALUES(23,'amet','16WTE','4217',0,0);
INSERT INTO Colaborador([codpessoa],[login],[senha],[salario],[comissao],[numero_vendas]) VALUES(24,'ut','21SDE','1897',0,0);
INSERT INTO Colaborador([codpessoa],[login],[senha],[salario],[comissao],[numero_vendas]) VALUES(25,'enim.','51ENM','1515',0,0);
INSERT INTO Colaborador([codpessoa],[login],[senha],[salario],[comissao],[numero_vendas]) VALUES(26,'mauris','52VLB','4427',0,0);
INSERT INTO Colaborador([codpessoa],[login],[senha],[salario],[comissao],[numero_vendas]) VALUES(27,'est','37RUK','4676',0,0);
INSERT INTO Colaborador([codpessoa],[login],[senha],[salario],[comissao],[numero_vendas]) VALUES(28,'nibh.','67RIH','1212',0,0);
INSERT INTO Colaborador([codpessoa],[login],[senha],[salario],[comissao],[numero_vendas]) VALUES(29,'elementum','18WCI','3247',0,0);
INSERT INTO Colaborador([codpessoa],[login],[senha],[salario],[comissao],[numero_vendas]) VALUES(30,'Nunc','71IBG','4316',0,0);

-- CLIENTE
INSERT INTO Cliente([codpessoa],[numero_compras],[cliente_fidelidade],[cliente_premium]) VALUES(025, 0,'N','N');
INSERT INTO Cliente([codpessoa],[numero_compras],[cliente_fidelidade],[cliente_premium]) VALUES(026, 0,'N','N');
INSERT INTO Cliente([codpessoa],[numero_compras],[cliente_fidelidade],[cliente_premium]) VALUES(027, 0,'N','N');
INSERT INTO Cliente([codpessoa],[numero_compras],[cliente_fidelidade],[cliente_premium]) VALUES(028, 0,'N','N');
INSERT INTO Cliente([codpessoa],[numero_compras],[cliente_fidelidade],[cliente_premium]) VALUES(029, 0,'N','N');
INSERT INTO Cliente([codpessoa],[numero_compras],[cliente_fidelidade],[cliente_premium]) VALUES(030, 0,'N','N');
INSERT INTO Cliente([codpessoa],[numero_compras],[cliente_fidelidade],[cliente_premium]) VALUES(031, 0,'N','N');
INSERT INTO Cliente([codpessoa],[numero_compras],[cliente_fidelidade],[cliente_premium]) VALUES(032, 0,'N','N');
INSERT INTO Cliente([codpessoa],[numero_compras],[cliente_fidelidade],[cliente_premium]) VALUES(033, 0,'N','N');
INSERT INTO Cliente([codpessoa],[numero_compras],[cliente_fidelidade],[cliente_premium]) VALUES(034, 0,'N','N');
INSERT INTO Cliente([codpessoa],[numero_compras],[cliente_fidelidade],[cliente_premium]) VALUES(035, 0,'N','N');
INSERT INTO Cliente([codpessoa],[numero_compras],[cliente_fidelidade],[cliente_premium]) VALUES(036, 0,'N','N');
INSERT INTO Cliente([codpessoa],[numero_compras],[cliente_fidelidade],[cliente_premium]) VALUES(037, 0,'N','N');
INSERT INTO Cliente([codpessoa],[numero_compras],[cliente_fidelidade],[cliente_premium]) VALUES(038, 0,'N','N');
INSERT INTO Cliente([codpessoa],[numero_compras],[cliente_fidelidade],[cliente_premium]) VALUES(039, 0,'N','N');
INSERT INTO Cliente([codpessoa],[numero_compras],[cliente_fidelidade],[cliente_premium]) VALUES(040, 0,'N','N');
INSERT INTO Cliente([codpessoa],[numero_compras],[cliente_fidelidade],[cliente_premium]) VALUES(041, 0,'N','N');
INSERT INTO Cliente([codpessoa],[numero_compras],[cliente_fidelidade],[cliente_premium]) VALUES(042, 0,'N','N');
INSERT INTO Cliente([codpessoa],[numero_compras],[cliente_fidelidade],[cliente_premium]) VALUES(043, 0,'N','N');
INSERT INTO Cliente([codpessoa],[numero_compras],[cliente_fidelidade],[cliente_premium]) VALUES(044, 0,'N','N');
INSERT INTO Cliente([codpessoa],[numero_compras],[cliente_fidelidade],[cliente_premium]) VALUES(045, 0,'N','N');
INSERT INTO Cliente([codpessoa],[numero_compras],[cliente_fidelidade],[cliente_premium]) VALUES(046, 0,'N','N');
INSERT INTO Cliente([codpessoa],[numero_compras],[cliente_fidelidade],[cliente_premium]) VALUES(047, 0,'N','N');
INSERT INTO Cliente([codpessoa],[numero_compras],[cliente_fidelidade],[cliente_premium]) VALUES(048, 0,'N','N');
INSERT INTO Cliente([codpessoa],[numero_compras],[cliente_fidelidade],[cliente_premium]) VALUES(049, 0,'N','N');
INSERT INTO Cliente([codpessoa],[numero_compras],[cliente_fidelidade],[cliente_premium]) VALUES(050, 0,'N','N');
INSERT INTO Cliente([codpessoa],[numero_compras],[cliente_fidelidade],[cliente_premium]) VALUES(051, 0,'N','N');
INSERT INTO Cliente([codpessoa],[numero_compras],[cliente_fidelidade],[cliente_premium]) VALUES(052, 0,'N','N');
INSERT INTO Cliente([codpessoa],[numero_compras],[cliente_fidelidade],[cliente_premium]) VALUES(053, 0,'N','N');
INSERT INTO Cliente([codpessoa],[numero_compras],[cliente_fidelidade],[cliente_premium]) VALUES(054, 0,'N','N');
INSERT INTO Cliente([codpessoa],[numero_compras],[cliente_fidelidade],[cliente_premium]) VALUES(055, 0,'N','N');
INSERT INTO Cliente([codpessoa],[numero_compras],[cliente_fidelidade],[cliente_premium]) VALUES(056, 0,'N','N');
INSERT INTO Cliente([codpessoa],[numero_compras],[cliente_fidelidade],[cliente_premium]) VALUES(057, 0,'N','N');
INSERT INTO Cliente([codpessoa],[numero_compras],[cliente_fidelidade],[cliente_premium]) VALUES(058, 0,'N','N');
INSERT INTO Cliente([codpessoa],[numero_compras],[cliente_fidelidade],[cliente_premium]) VALUES(059, 0,'N','N');
INSERT INTO Cliente([codpessoa],[numero_compras],[cliente_fidelidade],[cliente_premium]) VALUES(060, 0,'N','N');
INSERT INTO Cliente([codpessoa],[numero_compras],[cliente_fidelidade],[cliente_premium]) VALUES(061, 0,'N','N');
INSERT INTO Cliente([codpessoa],[numero_compras],[cliente_fidelidade],[cliente_premium]) VALUES(062, 0,'N','N');
INSERT INTO Cliente([codpessoa],[numero_compras],[cliente_fidelidade],[cliente_premium]) VALUES(063, 0,'N','N');
INSERT INTO Cliente([codpessoa],[numero_compras],[cliente_fidelidade],[cliente_premium]) VALUES(064, 0,'N','N');
INSERT INTO Cliente([codpessoa],[numero_compras],[cliente_fidelidade],[cliente_premium]) VALUES(065, 0,'N','N');
INSERT INTO Cliente([codpessoa],[numero_compras],[cliente_fidelidade],[cliente_premium]) VALUES(066, 0,'N','N');
INSERT INTO Cliente([codpessoa],[numero_compras],[cliente_fidelidade],[cliente_premium]) VALUES(067, 0,'N','N');
INSERT INTO Cliente([codpessoa],[numero_compras],[cliente_fidelidade],[cliente_premium]) VALUES(068, 0,'N','N');
INSERT INTO Cliente([codpessoa],[numero_compras],[cliente_fidelidade],[cliente_premium]) VALUES(069, 0,'N','N');
INSERT INTO Cliente([codpessoa],[numero_compras],[cliente_fidelidade],[cliente_premium]) VALUES(070, 0,'N','N');
INSERT INTO Cliente([codpessoa],[numero_compras],[cliente_fidelidade],[cliente_premium]) VALUES(071, 0,'N','N');
INSERT INTO Cliente([codpessoa],[numero_compras],[cliente_fidelidade],[cliente_premium]) VALUES(072, 0,'N','N');
INSERT INTO Cliente([codpessoa],[numero_compras],[cliente_fidelidade],[cliente_premium]) VALUES(073, 0,'N','N');
INSERT INTO Cliente([codpessoa],[numero_compras],[cliente_fidelidade],[cliente_premium]) VALUES(074, 0,'N','N');
INSERT INTO Cliente([codpessoa],[numero_compras],[cliente_fidelidade],[cliente_premium]) VALUES(075, 0,'N','N');
INSERT INTO Cliente([codpessoa],[numero_compras],[cliente_fidelidade],[cliente_premium]) VALUES(076, 0,'N','N');
INSERT INTO Cliente([codpessoa],[numero_compras],[cliente_fidelidade],[cliente_premium]) VALUES(077, 0,'N','N');
INSERT INTO Cliente([codpessoa],[numero_compras],[cliente_fidelidade],[cliente_premium]) VALUES(078, 0,'N','N');
INSERT INTO Cliente([codpessoa],[numero_compras],[cliente_fidelidade],[cliente_premium]) VALUES(079, 0,'N','N');
INSERT INTO Cliente([codpessoa],[numero_compras],[cliente_fidelidade],[cliente_premium]) VALUES(080, 0,'N','N');
INSERT INTO Cliente([codpessoa],[numero_compras],[cliente_fidelidade],[cliente_premium]) VALUES(081, 0,'N','N');
INSERT INTO Cliente([codpessoa],[numero_compras],[cliente_fidelidade],[cliente_premium]) VALUES(082, 0,'N','N');
INSERT INTO Cliente([codpessoa],[numero_compras],[cliente_fidelidade],[cliente_premium]) VALUES(083, 0,'N','N');
INSERT INTO Cliente([codpessoa],[numero_compras],[cliente_fidelidade],[cliente_premium]) VALUES(084, 0,'N','N');
INSERT INTO Cliente([codpessoa],[numero_compras],[cliente_fidelidade],[cliente_premium]) VALUES(085, 0,'N','N');
INSERT INTO Cliente([codpessoa],[numero_compras],[cliente_fidelidade],[cliente_premium]) VALUES(086, 0,'N','N');
INSERT INTO Cliente([codpessoa],[numero_compras],[cliente_fidelidade],[cliente_premium]) VALUES(087, 0,'N','N');
INSERT INTO Cliente([codpessoa],[numero_compras],[cliente_fidelidade],[cliente_premium]) VALUES(088, 0,'N','N');
INSERT INTO Cliente([codpessoa],[numero_compras],[cliente_fidelidade],[cliente_premium]) VALUES(089, 0,'N','N');
INSERT INTO Cliente([codpessoa],[numero_compras],[cliente_fidelidade],[cliente_premium]) VALUES(090, 0,'N','N');
INSERT INTO Cliente([codpessoa],[numero_compras],[cliente_fidelidade],[cliente_premium]) VALUES(091, 0,'N','N');
INSERT INTO Cliente([codpessoa],[numero_compras],[cliente_fidelidade],[cliente_premium]) VALUES(092, 0,'N','N');
INSERT INTO Cliente([codpessoa],[numero_compras],[cliente_fidelidade],[cliente_premium]) VALUES(093, 0,'N','N');
INSERT INTO Cliente([codpessoa],[numero_compras],[cliente_fidelidade],[cliente_premium]) VALUES(094, 0,'N','N');
INSERT INTO Cliente([codpessoa],[numero_compras],[cliente_fidelidade],[cliente_premium]) VALUES(095, 0,'N','N');
INSERT INTO Cliente([codpessoa],[numero_compras],[cliente_fidelidade],[cliente_premium]) VALUES(096, 0,'N','N');
INSERT INTO Cliente([codpessoa],[numero_compras],[cliente_fidelidade],[cliente_premium]) VALUES(097, 0,'N','N');
INSERT INTO Cliente([codpessoa],[numero_compras],[cliente_fidelidade],[cliente_premium]) VALUES(098, 0,'N','N');
INSERT INTO Cliente([codpessoa],[numero_compras],[cliente_fidelidade],[cliente_premium]) VALUES(099, 0,'N','N');
INSERT INTO Cliente([codpessoa],[numero_compras],[cliente_fidelidade],[cliente_premium]) VALUES(100, 0,'N','N');
INSERT INTO Cliente([codpessoa],[numero_compras],[cliente_fidelidade],[cliente_premium]) VALUES(101, 0,'N','N');
INSERT INTO Cliente([codpessoa],[numero_compras],[cliente_fidelidade],[cliente_premium]) VALUES(102, 0,'N','N');
INSERT INTO Cliente([codpessoa],[numero_compras],[cliente_fidelidade],[cliente_premium]) VALUES(103, 0,'N','N');
INSERT INTO Cliente([codpessoa],[numero_compras],[cliente_fidelidade],[cliente_premium]) VALUES(104, 0,'N','N');
INSERT INTO Cliente([codpessoa],[numero_compras],[cliente_fidelidade],[cliente_premium]) VALUES(105, 0,'N','N');
INSERT INTO Cliente([codpessoa],[numero_compras],[cliente_fidelidade],[cliente_premium]) VALUES(106, 0,'N','N');
INSERT INTO Cliente([codpessoa],[numero_compras],[cliente_fidelidade],[cliente_premium]) VALUES(107, 0,'N','N');
INSERT INTO Cliente([codpessoa],[numero_compras],[cliente_fidelidade],[cliente_premium]) VALUES(108, 0,'N','N');
INSERT INTO Cliente([codpessoa],[numero_compras],[cliente_fidelidade],[cliente_premium]) VALUES(109, 0,'N','N');
INSERT INTO Cliente([codpessoa],[numero_compras],[cliente_fidelidade],[cliente_premium]) VALUES(110, 0,'N','N');
INSERT INTO Cliente([codpessoa],[numero_compras],[cliente_fidelidade],[cliente_premium]) VALUES(111, 0,'N','N');
INSERT INTO Cliente([codpessoa],[numero_compras],[cliente_fidelidade],[cliente_premium]) VALUES(112, 0,'N','N');
INSERT INTO Cliente([codpessoa],[numero_compras],[cliente_fidelidade],[cliente_premium]) VALUES(113, 0,'N','N');
INSERT INTO Cliente([codpessoa],[numero_compras],[cliente_fidelidade],[cliente_premium]) VALUES(114, 0,'N','N');
INSERT INTO Cliente([codpessoa],[numero_compras],[cliente_fidelidade],[cliente_premium]) VALUES(115, 0,'N','N');
INSERT INTO Cliente([codpessoa],[numero_compras],[cliente_fidelidade],[cliente_premium]) VALUES(116, 0,'N','N');
INSERT INTO Cliente([codpessoa],[numero_compras],[cliente_fidelidade],[cliente_premium]) VALUES(117, 0,'N','N');
INSERT INTO Cliente([codpessoa],[numero_compras],[cliente_fidelidade],[cliente_premium]) VALUES(118, 0,'N','N');
INSERT INTO Cliente([codpessoa],[numero_compras],[cliente_fidelidade],[cliente_premium]) VALUES(119, 0,'N','N');
INSERT INTO Cliente([codpessoa],[numero_compras],[cliente_fidelidade],[cliente_premium]) VALUES(120, 0,'N','N');

-- PRODUTO (Tipo 0)
INSERT INTO Produto([codproduto],[nome],[preco],[qntestoque],[dtfabricacao],[dtvencimento],[tipo]) VALUES(01,'erat','8938',89,'2018-10-04','2018-12-14',0);
INSERT INTO Produto([codproduto],[nome],[preco],[qntestoque],[dtfabricacao],[dtvencimento],[tipo]) VALUES(02,'Maecenas','3282',15,'2018-10-30','2018-12-26',0);
INSERT INTO Produto([codproduto],[nome],[preco],[qntestoque],[dtfabricacao],[dtvencimento],[tipo]) VALUES(03,'vel','0804',71,'2018-10-28','2018-12-03',0);
INSERT INTO Produto([codproduto],[nome],[preco],[qntestoque],[dtfabricacao],[dtvencimento],[tipo]) VALUES(04,'Donec','9951',22,'2018-10-31','2018-12-25',0);
INSERT INTO Produto([codproduto],[nome],[preco],[qntestoque],[dtfabricacao],[dtvencimento],[tipo]) VALUES(05,'enim,','0461',76,'2018-10-09','2019-01-01',0);
INSERT INTO Produto([codproduto],[nome],[preco],[qntestoque],[dtfabricacao],[dtvencimento],[tipo]) VALUES(06,'blandit','2294',29,'2018-10-10','2018-12-24',0);
INSERT INTO Produto([codproduto],[nome],[preco],[qntestoque],[dtfabricacao],[dtvencimento],[tipo]) VALUES(07,'suscipit,','1173',14,'2018-10-19','2018-12-30',0);
INSERT INTO Produto([codproduto],[nome],[preco],[qntestoque],[dtfabricacao],[dtvencimento],[tipo]) VALUES(08,'sodales','0444',11,'2018-10-24','2018-12-24',0);
INSERT INTO Produto([codproduto],[nome],[preco],[qntestoque],[dtfabricacao],[dtvencimento],[tipo]) VALUES(09,'a','6690',14,'2018-10-13','2018-12-10',0);
INSERT INTO Produto([codproduto],[nome],[preco],[qntestoque],[dtfabricacao],[dtvencimento],[tipo]) VALUES(10,'mauris','6096',70,'2018-10-08','2018-12-06',0);

-- PRODUTO (Tipo 1)
INSERT INTO Produto([codproduto],[nome],[preco],[qntestoque],[dtfabricacao],[dtvencimento],[tipo]) VALUES(11,'est,','9367',47,'2018-10-07','2018-12-16',1);
INSERT INTO Produto([codproduto],[nome],[preco],[qntestoque],[dtfabricacao],[dtvencimento],[tipo]) VALUES(12,'dolor','7854',83,'2018-10-27','2018-12-23',1);
INSERT INTO Produto([codproduto],[nome],[preco],[qntestoque],[dtfabricacao],[dtvencimento],[tipo]) VALUES(13,'sit','4800',35,'2018-10-10','2018-12-05',1);
INSERT INTO Produto([codproduto],[nome],[preco],[qntestoque],[dtfabricacao],[dtvencimento],[tipo]) VALUES(14,'risus.','1646',71,'2018-10-19','2018-12-27',1);
INSERT INTO Produto([codproduto],[nome],[preco],[qntestoque],[dtfabricacao],[dtvencimento],[tipo]) VALUES(15,'quam.','6084',64,'2018-10-11','2018-12-16',1);
INSERT INTO Produto([codproduto],[nome],[preco],[qntestoque],[dtfabricacao],[dtvencimento],[tipo]) VALUES(16,'sit','2884',23,'2018-10-14','2018-12-30',1);
INSERT INTO Produto([codproduto],[nome],[preco],[qntestoque],[dtfabricacao],[dtvencimento],[tipo]) VALUES(17,'Praesent','2794',35,'2018-10-14','2018-12-18',1);
INSERT INTO Produto([codproduto],[nome],[preco],[qntestoque],[dtfabricacao],[dtvencimento],[tipo]) VALUES(18,'semper','4690',51,'2018-10-25','2018-12-04',1);
INSERT INTO Produto([codproduto],[nome],[preco],[qntestoque],[dtfabricacao],[dtvencimento],[tipo]) VALUES(19,'nec,','1872',26,'2018-10-14','2018-12-03',1);
INSERT INTO Produto([codproduto],[nome],[preco],[qntestoque],[dtfabricacao],[dtvencimento],[tipo]) VALUES(20,'dictum','5808',99,'2018-10-15','2018-12-21',1);
INSERT INTO Produto([codproduto],[nome],[preco],[qntestoque],[dtfabricacao],[dtvencimento],[tipo]) VALUES(21,'Nullam','8072',69,'2018-10-09','2018-12-01',1);
INSERT INTO Produto([codproduto],[nome],[preco],[qntestoque],[dtfabricacao],[dtvencimento],[tipo]) VALUES(22,'ipsum','0015',86,'2018-10-07','2018-12-25',1);
INSERT INTO Produto([codproduto],[nome],[preco],[qntestoque],[dtfabricacao],[dtvencimento],[tipo]) VALUES(23,'lacinia','2513',45,'2018-10-30','2018-12-01',1);
INSERT INTO Produto([codproduto],[nome],[preco],[qntestoque],[dtfabricacao],[dtvencimento],[tipo]) VALUES(24,'est.','5293',86,'2018-10-28','2018-12-02',1);
INSERT INTO Produto([codproduto],[nome],[preco],[qntestoque],[dtfabricacao],[dtvencimento],[tipo]) VALUES(25,'malesuada','4829',64,'2018-10-17','2018-12-17',1);

-- PRODUTO_FABRICADO
INSERT INTO Produto_Fabricado([codproduto]) VALUES(1);
INSERT INTO Produto_Fabricado([codproduto]) VALUES(2);
INSERT INTO Produto_Fabricado([codproduto]) VALUES(3);
INSERT INTO Produto_Fabricado([codproduto]) VALUES(4);
INSERT INTO Produto_Fabricado([codproduto]) VALUES(5);
INSERT INTO Produto_Fabricado([codproduto]) VALUES(6);
INSERT INTO Produto_Fabricado([codproduto]) VALUES(7);
INSERT INTO Produto_Fabricado([codproduto]) VALUES(8);
INSERT INTO Produto_Fabricado([codproduto]) VALUES(9);
INSERT INTO Produto_Fabricado([codproduto]) VALUES(10);

-- PRODUTO_INDUSTRIAL
INSERT INTO Produto_Industrial([codproduto]) VALUES(11);
INSERT INTO Produto_Industrial([codproduto]) VALUES(12);
INSERT INTO Produto_Industrial([codproduto]) VALUES(13);
INSERT INTO Produto_Industrial([codproduto]) VALUES(14);
INSERT INTO Produto_Industrial([codproduto]) VALUES(15);
INSERT INTO Produto_Industrial([codproduto]) VALUES(16);
INSERT INTO Produto_Industrial([codproduto]) VALUES(17);
INSERT INTO Produto_Industrial([codproduto]) VALUES(18);
INSERT INTO Produto_Industrial([codproduto]) VALUES(19);
INSERT INTO Produto_Industrial([codproduto]) VALUES(20);
INSERT INTO Produto_Industrial([codproduto]) VALUES(21);
INSERT INTO Produto_Industrial([codproduto]) VALUES(22);
INSERT INTO Produto_Industrial([codproduto]) VALUES(23);
INSERT INTO Produto_Industrial([codproduto]) VALUES(24);
INSERT INTO Produto_Industrial([codproduto]) VALUES(25);

-- prodpromocao
INSERT INTO prodpromocao([codprod],[codpromo],[desconto]) VALUES(6,5,17);
INSERT INTO prodpromocao([codprod],[codpromo],[desconto]) VALUES(24,4,11);
INSERT INTO prodpromocao([codprod],[codpromo],[desconto]) VALUES(9,8,13);
INSERT INTO prodpromocao([codprod],[codpromo],[desconto]) VALUES(23,6,19);
INSERT INTO prodpromocao([codprod],[codpromo],[desconto]) VALUES(8,8,9);

-- insumoproduto
INSERT INTO insumoproduto([codprod],[codinsumo],[quantidade]) VALUES(4,67,4);
INSERT INTO insumoproduto([codprod],[codinsumo],[quantidade]) VALUES(7,20,1);
INSERT INTO insumoproduto([codprod],[codinsumo],[quantidade]) VALUES(10,60,2);
INSERT INTO insumoproduto([codprod],[codinsumo],[quantidade]) VALUES(9,97,5);
INSERT INTO insumoproduto([codprod],[codinsumo],[quantidade]) VALUES(8,93,5);
INSERT INTO insumoproduto([codprod],[codinsumo],[quantidade]) VALUES(1,1,5);
INSERT INTO insumoproduto([codprod],[codinsumo],[quantidade]) VALUES(1,59,4);
INSERT INTO insumoproduto([codprod],[codinsumo],[quantidade]) VALUES(5,86,3);
INSERT INTO insumoproduto([codprod],[codinsumo],[quantidade]) VALUES(3,55,4);
INSERT INTO insumoproduto([codprod],[codinsumo],[quantidade]) VALUES(3,38,3);
INSERT INTO insumoproduto([codprod],[codinsumo],[quantidade]) VALUES(9,80,2);
INSERT INTO insumoproduto([codprod],[codinsumo],[quantidade]) VALUES(3,35,1);
INSERT INTO insumoproduto([codprod],[codinsumo],[quantidade]) VALUES(6,5,3);
INSERT INTO insumoproduto([codprod],[codinsumo],[quantidade]) VALUES(2,71,3);
INSERT INTO insumoproduto([codprod],[codinsumo],[quantidade]) VALUES(7,30,1);
INSERT INTO insumoproduto([codprod],[codinsumo],[quantidade]) VALUES(4,23,3);
INSERT INTO insumoproduto([codprod],[codinsumo],[quantidade]) VALUES(1,53,5);
INSERT INTO insumoproduto([codprod],[codinsumo],[quantidade]) VALUES(10,21,2);
INSERT INTO insumoproduto([codprod],[codinsumo],[quantidade]) VALUES(7,19,4);
INSERT INTO insumoproduto([codprod],[codinsumo],[quantidade]) VALUES(7,75,5);
INSERT INTO insumoproduto([codprod],[codinsumo],[quantidade]) VALUES(5,78,2);
INSERT INTO insumoproduto([codprod],[codinsumo],[quantidade]) VALUES(2,13,5);
INSERT INTO insumoproduto([codprod],[codinsumo],[quantidade]) VALUES(8,10,5);
INSERT INTO insumoproduto([codprod],[codinsumo],[quantidade]) VALUES(5,6,3);
INSERT INTO insumoproduto([codprod],[codinsumo],[quantidade]) VALUES(7,94,2);
INSERT INTO insumoproduto([codprod],[codinsumo],[quantidade]) VALUES(9,82,5);
INSERT INTO insumoproduto([codprod],[codinsumo],[quantidade]) VALUES(4,36,1);
INSERT INTO insumoproduto([codprod],[codinsumo],[quantidade]) VALUES(9,25,4);
INSERT INTO insumoproduto([codprod],[codinsumo],[quantidade]) VALUES(6,59,2);
INSERT INTO insumoproduto([codprod],[codinsumo],[quantidade]) VALUES(10,25,3);
INSERT INTO insumoproduto([codprod],[codinsumo],[quantidade]) VALUES(2,1,1);
INSERT INTO insumoproduto([codprod],[codinsumo],[quantidade]) VALUES(6,43,4);
INSERT INTO insumoproduto([codprod],[codinsumo],[quantidade]) VALUES(6,78,2);
INSERT INTO insumoproduto([codprod],[codinsumo],[quantidade]) VALUES(8,96,5);
INSERT INTO insumoproduto([codprod],[codinsumo],[quantidade]) VALUES(8,45,2);
INSERT INTO insumoproduto([codprod],[codinsumo],[quantidade]) VALUES(6,84,5);
INSERT INTO insumoproduto([codprod],[codinsumo],[quantidade]) VALUES(4,86,3);
INSERT INTO insumoproduto([codprod],[codinsumo],[quantidade]) VALUES(7,29,5);
INSERT INTO insumoproduto([codprod],[codinsumo],[quantidade]) VALUES(3,84,1);
INSERT INTO insumoproduto([codprod],[codinsumo],[quantidade]) VALUES(4,98,5);
INSERT INTO insumoproduto([codprod],[codinsumo],[quantidade]) VALUES(4,15,5);
INSERT INTO insumoproduto([codprod],[codinsumo],[quantidade]) VALUES(4,39,4);
INSERT INTO insumoproduto([codprod],[codinsumo],[quantidade]) VALUES(9,13,4);
INSERT INTO insumoproduto([codprod],[codinsumo],[quantidade]) VALUES(10,7,1);
INSERT INTO insumoproduto([codprod],[codinsumo],[quantidade]) VALUES(4,96,3);
INSERT INTO insumoproduto([codprod],[codinsumo],[quantidade]) VALUES(4,49,3);
INSERT INTO insumoproduto([codprod],[codinsumo],[quantidade]) VALUES(5,80,4);
INSERT INTO insumoproduto([codprod],[codinsumo],[quantidade]) VALUES(9,56,3);
INSERT INTO insumoproduto([codprod],[codinsumo],[quantidade]) VALUES(8,51,3);
INSERT INTO insumoproduto([codprod],[codinsumo],[quantidade]) VALUES(2,38,4);
INSERT INTO insumoproduto([codprod],[codinsumo],[quantidade]) VALUES(7,97,1);
INSERT INTO insumoproduto([codprod],[codinsumo],[quantidade]) VALUES(7,6,3);
INSERT INTO insumoproduto([codprod],[codinsumo],[quantidade]) VALUES(3,17,3);
INSERT INTO insumoproduto([codprod],[codinsumo],[quantidade]) VALUES(1,35,1);
INSERT INTO insumoproduto([codprod],[codinsumo],[quantidade]) VALUES(1,37,1);
INSERT INTO insumoproduto([codprod],[codinsumo],[quantidade]) VALUES(3,79,2);
INSERT INTO insumoproduto([codprod],[codinsumo],[quantidade]) VALUES(5,82,4);
INSERT INTO insumoproduto([codprod],[codinsumo],[quantidade]) VALUES(6,14,5);
INSERT INTO insumoproduto([codprod],[codinsumo],[quantidade]) VALUES(2,53,1);
INSERT INTO insumoproduto([codprod],[codinsumo],[quantidade]) VALUES(6,96,2);
INSERT INTO insumoproduto([codprod],[codinsumo],[quantidade]) VALUES(9,44,1);
INSERT INTO insumoproduto([codprod],[codinsumo],[quantidade]) VALUES(7,93,2);
INSERT INTO insumoproduto([codprod],[codinsumo],[quantidade]) VALUES(1,63,2);
INSERT INTO insumoproduto([codprod],[codinsumo],[quantidade]) VALUES(5,91,1);
INSERT INTO insumoproduto([codprod],[codinsumo],[quantidade]) VALUES(6,13,3);
INSERT INTO insumoproduto([codprod],[codinsumo],[quantidade]) VALUES(7,44,4);
INSERT INTO insumoproduto([codprod],[codinsumo],[quantidade]) VALUES(7,71,5);
INSERT INTO insumoproduto([codprod],[codinsumo],[quantidade]) VALUES(8,75,2);
INSERT INTO insumoproduto([codprod],[codinsumo],[quantidade]) VALUES(5,28,3);
INSERT INTO insumoproduto([codprod],[codinsumo],[quantidade]) VALUES(5,51,1);
INSERT INTO insumoproduto([codprod],[codinsumo],[quantidade]) VALUES(5,84,5);
INSERT INTO insumoproduto([codprod],[codinsumo],[quantidade]) VALUES(6,75,2);
INSERT INTO insumoproduto([codprod],[codinsumo],[quantidade]) VALUES(3,68,2);
INSERT INTO insumoproduto([codprod],[codinsumo],[quantidade]) VALUES(1,35,3);
INSERT INTO insumoproduto([codprod],[codinsumo],[quantidade]) VALUES(2,75,3);
INSERT INTO insumoproduto([codprod],[codinsumo],[quantidade]) VALUES(9,65,3);
INSERT INTO insumoproduto([codprod],[codinsumo],[quantidade]) VALUES(5,8,5);
INSERT INTO insumoproduto([codprod],[codinsumo],[quantidade]) VALUES(3,74,1);
INSERT INTO insumoproduto([codprod],[codinsumo],[quantidade]) VALUES(9,63,2);
INSERT INTO insumoproduto([codprod],[codinsumo],[quantidade]) VALUES(1,17,4);
INSERT INTO insumoproduto([codprod],[codinsumo],[quantidade]) VALUES(9,72,3);
INSERT INTO insumoproduto([codprod],[codinsumo],[quantidade]) VALUES(7,93,2);
INSERT INTO insumoproduto([codprod],[codinsumo],[quantidade]) VALUES(9,76,3);
INSERT INTO insumoproduto([codprod],[codinsumo],[quantidade]) VALUES(9,76,5);
INSERT INTO insumoproduto([codprod],[codinsumo],[quantidade]) VALUES(4,13,2);
INSERT INTO insumoproduto([codprod],[codinsumo],[quantidade]) VALUES(4,56,5);
INSERT INTO insumoproduto([codprod],[codinsumo],[quantidade]) VALUES(1,71,4);
INSERT INTO insumoproduto([codprod],[codinsumo],[quantidade]) VALUES(3,94,4);
INSERT INTO insumoproduto([codprod],[codinsumo],[quantidade]) VALUES(10,11,1);
INSERT INTO insumoproduto([codprod],[codinsumo],[quantidade]) VALUES(1,81,3);
INSERT INTO insumoproduto([codprod],[codinsumo],[quantidade]) VALUES(8,14,4);
INSERT INTO insumoproduto([codprod],[codinsumo],[quantidade]) VALUES(6,66,1);
INSERT INTO insumoproduto([codprod],[codinsumo],[quantidade]) VALUES(8,56,3);
INSERT INTO insumoproduto([codprod],[codinsumo],[quantidade]) VALUES(7,73,5);
INSERT INTO insumoproduto([codprod],[codinsumo],[quantidade]) VALUES(8,15,5);
INSERT INTO insumoproduto([codprod],[codinsumo],[quantidade]) VALUES(1,16,3);
INSERT INTO insumoproduto([codprod],[codinsumo],[quantidade]) VALUES(9,26,4);
INSERT INTO insumoproduto([codprod],[codinsumo],[quantidade]) VALUES(6,82,2);
INSERT INTO insumoproduto([codprod],[codinsumo],[quantidade]) VALUES(3,81,1);
INSERT INTO insumoproduto([codprod],[codinsumo],[quantidade]) VALUES(1,70,2);


-- NF_VENDA
INSERT INTO NF_VENDA([numnota],[valortotal],[data],[cod_cli],[cod_col]) VALUES(01,'3.57','2020-01-06',57,27);
INSERT INTO NF_VENDA([numnota],[valortotal],[data],[cod_cli],[cod_col]) VALUES(02,'8.54','2018-07-26',78,25);
INSERT INTO NF_VENDA([numnota],[valortotal],[data],[cod_cli],[cod_col]) VALUES(03,'5.55','2018-07-06',79,29);
INSERT INTO NF_VENDA([numnota],[valortotal],[data],[cod_cli],[cod_col]) VALUES(04,'9.80','2018-04-23',97,23);
INSERT INTO NF_VENDA([numnota],[valortotal],[data],[cod_cli],[cod_col]) VALUES(05,'8.90','2020-06-26',99,22);
INSERT INTO NF_VENDA([numnota],[valortotal],[data],[cod_cli],[cod_col]) VALUES(06,'6.21','2018-06-28',99,24);
INSERT INTO NF_VENDA([numnota],[valortotal],[data],[cod_cli],[cod_col]) VALUES(07,'3.30','2020-06-21',118,23);
INSERT INTO NF_VENDA([numnota],[valortotal],[data],[cod_cli],[cod_col]) VALUES(08,'6.01','2019-05-06',112,30);
INSERT INTO NF_VENDA([numnota],[valortotal],[data],[cod_cli],[cod_col]) VALUES(09,'8.90','2018-12-14',56,29);
INSERT INTO NF_VENDA([numnota],[valortotal],[data],[cod_cli],[cod_col]) VALUES(10,'4.10','2020-03-20',70,21);

-- NF_COMPRA_PROD
INSERT INTO NF_COMPRA_PROD([numnota_prod],[valortotal],[data],[codpessoa],[codprod]) VALUES(01,'5.99','2020-08-22',11,14);
INSERT INTO NF_COMPRA_PROD([numnota_prod],[valortotal],[data],[codpessoa],[codprod]) VALUES(02,'3.30','2020-04-11',17,19);
INSERT INTO NF_COMPRA_PROD([numnota_prod],[valortotal],[data],[codpessoa],[codprod]) VALUES(03,'1.40','2018-09-19',9,16);
INSERT INTO NF_COMPRA_PROD([numnota_prod],[valortotal],[data],[codpessoa],[codprod]) VALUES(04,'3.23','2020-05-13',3,22);
INSERT INTO NF_COMPRA_PROD([numnota_prod],[valortotal],[data],[codpessoa],[codprod]) VALUES(05,'1.53','2020-05-12',1,12);
INSERT INTO NF_COMPRA_PROD([numnota_prod],[valortotal],[data],[codpessoa],[codprod]) VALUES(06,'8.16','2019-09-22',17,23);
INSERT INTO NF_COMPRA_PROD([numnota_prod],[valortotal],[data],[codpessoa],[codprod]) VALUES(07,'8.71','2018-04-18',10,18);
INSERT INTO NF_COMPRA_PROD([numnota_prod],[valortotal],[data],[codpessoa],[codprod]) VALUES(08,'5.82','2019-09-30',16,24);
INSERT INTO NF_COMPRA_PROD([numnota_prod],[valortotal],[data],[codpessoa],[codprod]) VALUES(09,'1.83','2019-06-13',16,23);
INSERT INTO NF_COMPRA_PROD([numnota_prod],[valortotal],[data],[codpessoa],[codprod]) VALUES(10,'1.98','2019-12-17',12,14);
INSERT INTO NF_COMPRA_PROD([numnota_prod],[valortotal],[data],[codpessoa],[codprod]) VALUES(11,'3.20','2019-08-25',1,22);
INSERT INTO NF_COMPRA_PROD([numnota_prod],[valortotal],[data],[codpessoa],[codprod]) VALUES(12,'7.10','2019-07-29',6,22);
INSERT INTO NF_COMPRA_PROD([numnota_prod],[valortotal],[data],[codpessoa],[codprod]) VALUES(13,'9.17','2020-06-26',8,11);
INSERT INTO NF_COMPRA_PROD([numnota_prod],[valortotal],[data],[codpessoa],[codprod]) VALUES(14,'2.54','2018-07-11',6,14);
INSERT INTO NF_COMPRA_PROD([numnota_prod],[valortotal],[data],[codpessoa],[codprod]) VALUES(15,'6.63','2020-06-01',16,15);
INSERT INTO NF_COMPRA_PROD([numnota_prod],[valortotal],[data],[codpessoa],[codprod]) VALUES(16,'7.69','2020-03-02',7,20);
INSERT INTO NF_COMPRA_PROD([numnota_prod],[valortotal],[data],[codpessoa],[codprod]) VALUES(17,'6.03','2019-10-23',16,19);
INSERT INTO NF_COMPRA_PROD([numnota_prod],[valortotal],[data],[codpessoa],[codprod]) VALUES(18,'6.55','2019-07-29',8,24);
INSERT INTO NF_COMPRA_PROD([numnota_prod],[valortotal],[data],[codpessoa],[codprod]) VALUES(19,'8.15','2019-11-01',3,20);
INSERT INTO NF_COMPRA_PROD([numnota_prod],[valortotal],[data],[codpessoa],[codprod]) VALUES(20,'6.11','2019-08-01',20,22);

-- NF_COMPRA_INSUMO
INSERT INTO NF_COMPRA_INSUMO([numnota_insumo],[valortotal],[data],[codpessoa],[codinsumo]) VALUES(001,'70.09','2020-02-09',11,91);
INSERT INTO NF_COMPRA_INSUMO([numnota_insumo],[valortotal],[data],[codpessoa],[codinsumo]) VALUES(002,'71.08','2020-06-01',3,47);
INSERT INTO NF_COMPRA_INSUMO([numnota_insumo],[valortotal],[data],[codpessoa],[codinsumo]) VALUES(003,'64.34','2020-09-18',16,21);
INSERT INTO NF_COMPRA_INSUMO([numnota_insumo],[valortotal],[data],[codpessoa],[codinsumo]) VALUES(004,'12.66','2020-03-14',17,93);
INSERT INTO NF_COMPRA_INSUMO([numnota_insumo],[valortotal],[data],[codpessoa],[codinsumo]) VALUES(005,'89.95','2018-07-19',2,82);
INSERT INTO NF_COMPRA_INSUMO([numnota_insumo],[valortotal],[data],[codpessoa],[codinsumo]) VALUES(006,'37.79','2019-12-24',2,29);
INSERT INTO NF_COMPRA_INSUMO([numnota_insumo],[valortotal],[data],[codpessoa],[codinsumo]) VALUES(007,'13.82','2020-06-26',18,30);
INSERT INTO NF_COMPRA_INSUMO([numnota_insumo],[valortotal],[data],[codpessoa],[codinsumo]) VALUES(008,'78.02','2018-10-22',4,13);
INSERT INTO NF_COMPRA_INSUMO([numnota_insumo],[valortotal],[data],[codpessoa],[codinsumo]) VALUES(009,'07.95','2020-07-05',19,10);
INSERT INTO NF_COMPRA_INSUMO([numnota_insumo],[valortotal],[data],[codpessoa],[codinsumo]) VALUES(010,'08.96','2019-08-13',18,16);
INSERT INTO NF_COMPRA_INSUMO([numnota_insumo],[valortotal],[data],[codpessoa],[codinsumo]) VALUES(011,'03.70','2019-11-25',8,38);
INSERT INTO NF_COMPRA_INSUMO([numnota_insumo],[valortotal],[data],[codpessoa],[codinsumo]) VALUES(012,'01.08','2020-07-30',16,56);
INSERT INTO NF_COMPRA_INSUMO([numnota_insumo],[valortotal],[data],[codpessoa],[codinsumo]) VALUES(013,'62.05','2019-01-14',19,88);
INSERT INTO NF_COMPRA_INSUMO([numnota_insumo],[valortotal],[data],[codpessoa],[codinsumo]) VALUES(014,'12.15','2019-02-16',9,65);
INSERT INTO NF_COMPRA_INSUMO([numnota_insumo],[valortotal],[data],[codpessoa],[codinsumo]) VALUES(015,'79.55','2018-08-13',10,70);
INSERT INTO NF_COMPRA_INSUMO([numnota_insumo],[valortotal],[data],[codpessoa],[codinsumo]) VALUES(016,'87.24','2020-08-17',7,27);
INSERT INTO NF_COMPRA_INSUMO([numnota_insumo],[valortotal],[data],[codpessoa],[codinsumo]) VALUES(017,'46.81','2019-05-22',18,91);
INSERT INTO NF_COMPRA_INSUMO([numnota_insumo],[valortotal],[data],[codpessoa],[codinsumo]) VALUES(018,'18.73','2018-08-19',16,76);
INSERT INTO NF_COMPRA_INSUMO([numnota_insumo],[valortotal],[data],[codpessoa],[codinsumo]) VALUES(019,'94.18','2019-04-08',15,3);
INSERT INTO NF_COMPRA_INSUMO([numnota_insumo],[valortotal],[data],[codpessoa],[codinsumo]) VALUES(020,'66.14','2018-02-26',20,7);
INSERT INTO NF_COMPRA_INSUMO([numnota_insumo],[valortotal],[data],[codpessoa],[codinsumo]) VALUES(021,'29.92','2019-11-26',11,35);
INSERT INTO NF_COMPRA_INSUMO([numnota_insumo],[valortotal],[data],[codpessoa],[codinsumo]) VALUES(022,'76.56','2018-01-20',4,92);
INSERT INTO NF_COMPRA_INSUMO([numnota_insumo],[valortotal],[data],[codpessoa],[codinsumo]) VALUES(023,'37.49','2020-10-31',6,12);
INSERT INTO NF_COMPRA_INSUMO([numnota_insumo],[valortotal],[data],[codpessoa],[codinsumo]) VALUES(024,'42.35','2018-10-24',4,24);
INSERT INTO NF_COMPRA_INSUMO([numnota_insumo],[valortotal],[data],[codpessoa],[codinsumo]) VALUES(025,'09.76','2020-03-09',20,83);
INSERT INTO NF_COMPRA_INSUMO([numnota_insumo],[valortotal],[data],[codpessoa],[codinsumo]) VALUES(026,'30.99','2019-04-02',17,87);
INSERT INTO NF_COMPRA_INSUMO([numnota_insumo],[valortotal],[data],[codpessoa],[codinsumo]) VALUES(027,'03.89','2019-06-29',15,5);
INSERT INTO NF_COMPRA_INSUMO([numnota_insumo],[valortotal],[data],[codpessoa],[codinsumo]) VALUES(028,'76.82','2018-05-27',8,93);
INSERT INTO NF_COMPRA_INSUMO([numnota_insumo],[valortotal],[data],[codpessoa],[codinsumo]) VALUES(029,'84.74','2019-10-03',13,11);
INSERT INTO NF_COMPRA_INSUMO([numnota_insumo],[valortotal],[data],[codpessoa],[codinsumo]) VALUES(030,'31.34','2018-10-04',6,90);
INSERT INTO NF_COMPRA_INSUMO([numnota_insumo],[valortotal],[data],[codpessoa],[codinsumo]) VALUES(031,'84.26','2018-08-30',3,95);
INSERT INTO NF_COMPRA_INSUMO([numnota_insumo],[valortotal],[data],[codpessoa],[codinsumo]) VALUES(032,'57.84','2020-06-12',10,3);
INSERT INTO NF_COMPRA_INSUMO([numnota_insumo],[valortotal],[data],[codpessoa],[codinsumo]) VALUES(033,'58.52','2019-08-18',17,62);
INSERT INTO NF_COMPRA_INSUMO([numnota_insumo],[valortotal],[data],[codpessoa],[codinsumo]) VALUES(034,'29.01','2018-01-30',15,16);
INSERT INTO NF_COMPRA_INSUMO([numnota_insumo],[valortotal],[data],[codpessoa],[codinsumo]) VALUES(035,'20.34','2019-08-07',16,75);
INSERT INTO NF_COMPRA_INSUMO([numnota_insumo],[valortotal],[data],[codpessoa],[codinsumo]) VALUES(036,'76.98','2020-07-02',16,95);
INSERT INTO NF_COMPRA_INSUMO([numnota_insumo],[valortotal],[data],[codpessoa],[codinsumo]) VALUES(037,'60.14','2018-02-24',20,44);
INSERT INTO NF_COMPRA_INSUMO([numnota_insumo],[valortotal],[data],[codpessoa],[codinsumo]) VALUES(038,'26.49','2019-12-23',4,20);
INSERT INTO NF_COMPRA_INSUMO([numnota_insumo],[valortotal],[data],[codpessoa],[codinsumo]) VALUES(039,'44.81','2020-06-03',20,83);
INSERT INTO NF_COMPRA_INSUMO([numnota_insumo],[valortotal],[data],[codpessoa],[codinsumo]) VALUES(040,'87.54','2019-09-26',7,24);
INSERT INTO NF_COMPRA_INSUMO([numnota_insumo],[valortotal],[data],[codpessoa],[codinsumo]) VALUES(041,'24.01','2018-01-15',20,34);
INSERT INTO NF_COMPRA_INSUMO([numnota_insumo],[valortotal],[data],[codpessoa],[codinsumo]) VALUES(042,'24.57','2018-01-20',15,40);
INSERT INTO NF_COMPRA_INSUMO([numnota_insumo],[valortotal],[data],[codpessoa],[codinsumo]) VALUES(043,'40.00','2019-12-10',3,97);
INSERT INTO NF_COMPRA_INSUMO([numnota_insumo],[valortotal],[data],[codpessoa],[codinsumo]) VALUES(044,'80.59','2018-01-26',9,27);
INSERT INTO NF_COMPRA_INSUMO([numnota_insumo],[valortotal],[data],[codpessoa],[codinsumo]) VALUES(045,'95.58','2020-01-19',14,68);
INSERT INTO NF_COMPRA_INSUMO([numnota_insumo],[valortotal],[data],[codpessoa],[codinsumo]) VALUES(046,'56.33','2020-04-27',12,21);
INSERT INTO NF_COMPRA_INSUMO([numnota_insumo],[valortotal],[data],[codpessoa],[codinsumo]) VALUES(047,'19.61','2018-03-25',12,44);
INSERT INTO NF_COMPRA_INSUMO([numnota_insumo],[valortotal],[data],[codpessoa],[codinsumo]) VALUES(048,'40.46','2018-08-14',13,18);
INSERT INTO NF_COMPRA_INSUMO([numnota_insumo],[valortotal],[data],[codpessoa],[codinsumo]) VALUES(049,'70.11','2019-10-29',17,26);
INSERT INTO NF_COMPRA_INSUMO([numnota_insumo],[valortotal],[data],[codpessoa],[codinsumo]) VALUES(050,'08.42','2020-03-18',15,80);
INSERT INTO NF_COMPRA_INSUMO([numnota_insumo],[valortotal],[data],[codpessoa],[codinsumo]) VALUES(051,'22.65','2019-09-12',10,59);
INSERT INTO NF_COMPRA_INSUMO([numnota_insumo],[valortotal],[data],[codpessoa],[codinsumo]) VALUES(052,'14.64','2020-03-28',15,41);
INSERT INTO NF_COMPRA_INSUMO([numnota_insumo],[valortotal],[data],[codpessoa],[codinsumo]) VALUES(053,'35.51','2018-11-28',5,28);
INSERT INTO NF_COMPRA_INSUMO([numnota_insumo],[valortotal],[data],[codpessoa],[codinsumo]) VALUES(054,'67.84','2019-05-01',20,14);
INSERT INTO NF_COMPRA_INSUMO([numnota_insumo],[valortotal],[data],[codpessoa],[codinsumo]) VALUES(055,'79.75','2020-01-29',11,55);
INSERT INTO NF_COMPRA_INSUMO([numnota_insumo],[valortotal],[data],[codpessoa],[codinsumo]) VALUES(056,'75.31','2018-04-19',11,1);
INSERT INTO NF_COMPRA_INSUMO([numnota_insumo],[valortotal],[data],[codpessoa],[codinsumo]) VALUES(057,'87.50','2018-09-12',4,33);
INSERT INTO NF_COMPRA_INSUMO([numnota_insumo],[valortotal],[data],[codpessoa],[codinsumo]) VALUES(058,'18.92','2020-09-26',8,8);
INSERT INTO NF_COMPRA_INSUMO([numnota_insumo],[valortotal],[data],[codpessoa],[codinsumo]) VALUES(059,'29.81','2019-10-16',7,73);
INSERT INTO NF_COMPRA_INSUMO([numnota_insumo],[valortotal],[data],[codpessoa],[codinsumo]) VALUES(060,'82.07','2018-01-02',11,23);
INSERT INTO NF_COMPRA_INSUMO([numnota_insumo],[valortotal],[data],[codpessoa],[codinsumo]) VALUES(061,'63.06','2018-12-03',14,88);
INSERT INTO NF_COMPRA_INSUMO([numnota_insumo],[valortotal],[data],[codpessoa],[codinsumo]) VALUES(062,'40.45','2019-09-03',9,23);
INSERT INTO NF_COMPRA_INSUMO([numnota_insumo],[valortotal],[data],[codpessoa],[codinsumo]) VALUES(063,'90.58','2020-02-13',11,32);
INSERT INTO NF_COMPRA_INSUMO([numnota_insumo],[valortotal],[data],[codpessoa],[codinsumo]) VALUES(064,'68.05','2020-10-13',18,85);
INSERT INTO NF_COMPRA_INSUMO([numnota_insumo],[valortotal],[data],[codpessoa],[codinsumo]) VALUES(065,'32.39','2020-04-23',11,49);
INSERT INTO NF_COMPRA_INSUMO([numnota_insumo],[valortotal],[data],[codpessoa],[codinsumo]) VALUES(066,'52.94','2018-08-24',5,87);
INSERT INTO NF_COMPRA_INSUMO([numnota_insumo],[valortotal],[data],[codpessoa],[codinsumo]) VALUES(067,'66.35','2019-09-03',10,83);
INSERT INTO NF_COMPRA_INSUMO([numnota_insumo],[valortotal],[data],[codpessoa],[codinsumo]) VALUES(068,'81.70','2018-08-10',14,71);
INSERT INTO NF_COMPRA_INSUMO([numnota_insumo],[valortotal],[data],[codpessoa],[codinsumo]) VALUES(069,'96.45','2020-09-15',5,4);
INSERT INTO NF_COMPRA_INSUMO([numnota_insumo],[valortotal],[data],[codpessoa],[codinsumo]) VALUES(070,'58.96','2019-02-18',3,14);
INSERT INTO NF_COMPRA_INSUMO([numnota_insumo],[valortotal],[data],[codpessoa],[codinsumo]) VALUES(071,'35.98','2020-10-11',14,21);
INSERT INTO NF_COMPRA_INSUMO([numnota_insumo],[valortotal],[data],[codpessoa],[codinsumo]) VALUES(072,'20.75','2020-07-11',16,23);
INSERT INTO NF_COMPRA_INSUMO([numnota_insumo],[valortotal],[data],[codpessoa],[codinsumo]) VALUES(073,'59.08','2019-02-18',2,96);
INSERT INTO NF_COMPRA_INSUMO([numnota_insumo],[valortotal],[data],[codpessoa],[codinsumo]) VALUES(074,'40.48','2020-04-02',3,5);
INSERT INTO NF_COMPRA_INSUMO([numnota_insumo],[valortotal],[data],[codpessoa],[codinsumo]) VALUES(075,'48.81','2020-07-21',19,62);
INSERT INTO NF_COMPRA_INSUMO([numnota_insumo],[valortotal],[data],[codpessoa],[codinsumo]) VALUES(076,'57.12','2019-05-07',9,71);
INSERT INTO NF_COMPRA_INSUMO([numnota_insumo],[valortotal],[data],[codpessoa],[codinsumo]) VALUES(077,'26.30','2018-04-26',6,20);
INSERT INTO NF_COMPRA_INSUMO([numnota_insumo],[valortotal],[data],[codpessoa],[codinsumo]) VALUES(078,'81.48','2019-10-26',6,77);
INSERT INTO NF_COMPRA_INSUMO([numnota_insumo],[valortotal],[data],[codpessoa],[codinsumo]) VALUES(079,'84.70','2018-03-03',11,8);
INSERT INTO NF_COMPRA_INSUMO([numnota_insumo],[valortotal],[data],[codpessoa],[codinsumo]) VALUES(080,'51.23','2019-04-26',4,78);
INSERT INTO NF_COMPRA_INSUMO([numnota_insumo],[valortotal],[data],[codpessoa],[codinsumo]) VALUES(081,'83.44','2020-04-18',16,80);
INSERT INTO NF_COMPRA_INSUMO([numnota_insumo],[valortotal],[data],[codpessoa],[codinsumo]) VALUES(082,'07.72','2020-11-03',18,70);
INSERT INTO NF_COMPRA_INSUMO([numnota_insumo],[valortotal],[data],[codpessoa],[codinsumo]) VALUES(083,'68.90','2018-05-21',5,25);
INSERT INTO NF_COMPRA_INSUMO([numnota_insumo],[valortotal],[data],[codpessoa],[codinsumo]) VALUES(084,'91.50','2018-08-26',12,61);
INSERT INTO NF_COMPRA_INSUMO([numnota_insumo],[valortotal],[data],[codpessoa],[codinsumo]) VALUES(085,'10.77','2019-06-13',3,73);
INSERT INTO NF_COMPRA_INSUMO([numnota_insumo],[valortotal],[data],[codpessoa],[codinsumo]) VALUES(086,'30.41','2018-05-26',13,19);
INSERT INTO NF_COMPRA_INSUMO([numnota_insumo],[valortotal],[data],[codpessoa],[codinsumo]) VALUES(087,'79.29','2019-10-22',6,35);
INSERT INTO NF_COMPRA_INSUMO([numnota_insumo],[valortotal],[data],[codpessoa],[codinsumo]) VALUES(088,'64.37','2020-03-29',17,96);
INSERT INTO NF_COMPRA_INSUMO([numnota_insumo],[valortotal],[data],[codpessoa],[codinsumo]) VALUES(089,'84.43','2019-06-07',10,59);
INSERT INTO NF_COMPRA_INSUMO([numnota_insumo],[valortotal],[data],[codpessoa],[codinsumo]) VALUES(090,'16.41','2018-06-19',9,14);
INSERT INTO NF_COMPRA_INSUMO([numnota_insumo],[valortotal],[data],[codpessoa],[codinsumo]) VALUES(091,'46.11','2019-10-08',20,53);
INSERT INTO NF_COMPRA_INSUMO([numnota_insumo],[valortotal],[data],[codpessoa],[codinsumo]) VALUES(092,'12.86','2020-06-08',14,74);
INSERT INTO NF_COMPRA_INSUMO([numnota_insumo],[valortotal],[data],[codpessoa],[codinsumo]) VALUES(093,'95.95','2019-01-15',13,74);
INSERT INTO NF_COMPRA_INSUMO([numnota_insumo],[valortotal],[data],[codpessoa],[codinsumo]) VALUES(094,'98.87','2019-02-14',2,37);
INSERT INTO NF_COMPRA_INSUMO([numnota_insumo],[valortotal],[data],[codpessoa],[codinsumo]) VALUES(095,'88.02','2018-11-14',6,37);
INSERT INTO NF_COMPRA_INSUMO([numnota_insumo],[valortotal],[data],[codpessoa],[codinsumo]) VALUES(096,'39.06','2018-04-18',18,46);
INSERT INTO NF_COMPRA_INSUMO([numnota_insumo],[valortotal],[data],[codpessoa],[codinsumo]) VALUES(097,'66.82','2019-11-05',18,43);
INSERT INTO NF_COMPRA_INSUMO([numnota_insumo],[valortotal],[data],[codpessoa],[codinsumo]) VALUES(098,'53.83','2019-11-02',2,20);
INSERT INTO NF_COMPRA_INSUMO([numnota_insumo],[valortotal],[data],[codpessoa],[codinsumo]) VALUES(099,'94.92','2018-05-21',2,5);
INSERT INTO NF_COMPRA_INSUMO([numnota_insumo],[valortotal],[data],[codpessoa],[codinsumo]) VALUES(100,'44.24','2018-05-18',10,28);


-- FATURA (Tipo 0)
INSERT INTO Fatura([numfatura],[numparcela],[bandeira],[forma_pgto],[dtvencimento],[dtpagamento],[tipo]) VALUES(001,1,'Mastercard','Debito','2020-08-27','2020-08-28',0);
INSERT INTO Fatura([numfatura],[numparcela],[bandeira],[forma_pgto],[dtvencimento],[dtpagamento],[tipo]) VALUES(002,1,'Mastercard','Debito','2019-04-22','2019-10-29',0);
INSERT INTO Fatura([numfatura],[numparcela],[bandeira],[forma_pgto],[dtvencimento],[dtpagamento],[tipo]) VALUES(003,1,'Visa','Debito','2020-03-14','2019-04-10',0);
INSERT INTO Fatura([numfatura],[numparcela],[bandeira],[forma_pgto],[dtvencimento],[dtpagamento],[tipo]) VALUES(004,1,'Visa','Credito','2020-01-09','2018-11-23',0);
INSERT INTO Fatura([numfatura],[numparcela],[bandeira],[forma_pgto],[dtvencimento],[dtpagamento],[tipo]) VALUES(005,1,'Mastercard','Credito','2020-07-19','2020-05-15',0);
INSERT INTO Fatura([numfatura],[numparcela],[bandeira],[forma_pgto],[dtvencimento],[dtpagamento],[tipo]) VALUES(006,1,'Mastercard','Credito','2019-09-30','2020-10-16',0);
INSERT INTO Fatura([numfatura],[numparcela],[bandeira],[forma_pgto],[dtvencimento],[dtpagamento],[tipo]) VALUES(007,1,'Visa','Debito','2018-11-15','2019-03-28',0);
INSERT INTO Fatura([numfatura],[numparcela],[bandeira],[forma_pgto],[dtvencimento],[dtpagamento],[tipo]) VALUES(008,1,'Visa','Debito','2019-09-16','2019-09-14',0);
INSERT INTO Fatura([numfatura],[numparcela],[bandeira],[forma_pgto],[dtvencimento],[dtpagamento],[tipo]) VALUES(009,1,'Mastercard','Debito','2019-08-09','2020-02-10',0);
INSERT INTO Fatura([numfatura],[numparcela],[bandeira],[forma_pgto],[dtvencimento],[dtpagamento],[tipo]) VALUES(010,1,'Mastercard','Credito','2020-06-09','2019-09-28',0);

-- Fatura (Tipo 1)
INSERT INTO Fatura([numfatura],[numparcela],[bandeira],[forma_pgto],[dtvencimento],[dtpagamento],[tipo]) VALUES(011,1,'Mastercard','Debito','2019-05-04','2018-11-15',1);
INSERT INTO Fatura([numfatura],[numparcela],[bandeira],[forma_pgto],[dtvencimento],[dtpagamento],[tipo]) VALUES(012,1,'Mastercard','Debito','2019-12-11','2020-06-06',1);
INSERT INTO Fatura([numfatura],[numparcela],[bandeira],[forma_pgto],[dtvencimento],[dtpagamento],[tipo]) VALUES(013,1,'Visa','Debito','2019-10-04','2020-09-19',1);
INSERT INTO Fatura([numfatura],[numparcela],[bandeira],[forma_pgto],[dtvencimento],[dtpagamento],[tipo]) VALUES(014,1,'Visa','Credito','2020-04-17','2020-06-19',1);
INSERT INTO Fatura([numfatura],[numparcela],[bandeira],[forma_pgto],[dtvencimento],[dtpagamento],[tipo]) VALUES(015,1,'Mastercard','Credito','2018-12-18','2019-06-06',1);
INSERT INTO Fatura([numfatura],[numparcela],[bandeira],[forma_pgto],[dtvencimento],[dtpagamento],[tipo]) VALUES(016,1,'Mastercard','Credito','2018-12-14','2019-05-27',1);
INSERT INTO Fatura([numfatura],[numparcela],[bandeira],[forma_pgto],[dtvencimento],[dtpagamento],[tipo]) VALUES(017,1,'Visa','Debito','2019-08-07','2020-10-01',1);
INSERT INTO Fatura([numfatura],[numparcela],[bandeira],[forma_pgto],[dtvencimento],[dtpagamento],[tipo]) VALUES(018,1,'Visa','Debito','2019-02-02','2020-08-26',1);
INSERT INTO Fatura([numfatura],[numparcela],[bandeira],[forma_pgto],[dtvencimento],[dtpagamento],[tipo]) VALUES(019,1,'Mastercard','Debito','2020-08-06','2019-06-07',1);
INSERT INTO Fatura([numfatura],[numparcela],[bandeira],[forma_pgto],[dtvencimento],[dtpagamento],[tipo]) VALUES(020,1,'Mastercard','Credito','2020-09-23','2020-06-23',1);
INSERT INTO Fatura([numfatura],[numparcela],[bandeira],[forma_pgto],[dtvencimento],[dtpagamento],[tipo]) VALUES(021,1,'Visa','Credito','2020-05-24','2020-10-12',1);
INSERT INTO Fatura([numfatura],[numparcela],[bandeira],[forma_pgto],[dtvencimento],[dtpagamento],[tipo]) VALUES(022,1,'Visa','Credito','2018-12-25','2020-04-02',1);
INSERT INTO Fatura([numfatura],[numparcela],[bandeira],[forma_pgto],[dtvencimento],[dtpagamento],[tipo]) VALUES(023,1,'Mastercard','Debito','2020-03-22','2019-05-29',1);
INSERT INTO Fatura([numfatura],[numparcela],[bandeira],[forma_pgto],[dtvencimento],[dtpagamento],[tipo]) VALUES(024,1,'Mastercard','Debito','2019-10-28','2020-10-31',1);
INSERT INTO Fatura([numfatura],[numparcela],[bandeira],[forma_pgto],[dtvencimento],[dtpagamento],[tipo]) VALUES(025,1,'Visa','Debito','2019-05-30','2020-10-17',1);
INSERT INTO Fatura([numfatura],[numparcela],[bandeira],[forma_pgto],[dtvencimento],[dtpagamento],[tipo]) VALUES(026,1,'Visa','Credito','2018-12-06','2020-02-23',1);
INSERT INTO Fatura([numfatura],[numparcela],[bandeira],[forma_pgto],[dtvencimento],[dtpagamento],[tipo]) VALUES(027,1,'Mastercard','Credito','2019-01-29','2019-03-01',1);
INSERT INTO Fatura([numfatura],[numparcela],[bandeira],[forma_pgto],[dtvencimento],[dtpagamento],[tipo]) VALUES(028,1,'Mastercard','Credito','2019-07-30','2020-08-10',1);
INSERT INTO Fatura([numfatura],[numparcela],[bandeira],[forma_pgto],[dtvencimento],[dtpagamento],[tipo]) VALUES(029,1,'Visa','Debito','2020-01-21','2019-01-24',1);
INSERT INTO Fatura([numfatura],[numparcela],[bandeira],[forma_pgto],[dtvencimento],[dtpagamento],[tipo]) VALUES(030,1,'Visa','Debito','2018-12-07','2019-07-26',1);

-- FATURA (Tipo 2)
INSERT INTO Fatura([numfatura],[numparcela],[bandeira],[forma_pgto],[dtvencimento],[dtpagamento],[tipo]) VALUES(031,1,'Mastercard','Debito','2020-06-25','2020-05-24',2);
INSERT INTO Fatura([numfatura],[numparcela],[bandeira],[forma_pgto],[dtvencimento],[dtpagamento],[tipo]) VALUES(032,1,'Mastercard','Debito','2018-11-29','2020-05-12',2);
INSERT INTO Fatura([numfatura],[numparcela],[bandeira],[forma_pgto],[dtvencimento],[dtpagamento],[tipo]) VALUES(033,1,'Visa','Debito','2020-05-26','2018-11-13',2);
INSERT INTO Fatura([numfatura],[numparcela],[bandeira],[forma_pgto],[dtvencimento],[dtpagamento],[tipo]) VALUES(034,1,'Visa','Credito','2020-07-26','2019-05-03',2);
INSERT INTO Fatura([numfatura],[numparcela],[bandeira],[forma_pgto],[dtvencimento],[dtpagamento],[tipo]) VALUES(035,1,'Mastercard','Credito','2019-07-09','2019-02-07',2);
INSERT INTO Fatura([numfatura],[numparcela],[bandeira],[forma_pgto],[dtvencimento],[dtpagamento],[tipo]) VALUES(036,1,'Mastercard','Credito','2020-05-12','2019-01-25',2);
INSERT INTO Fatura([numfatura],[numparcela],[bandeira],[forma_pgto],[dtvencimento],[dtpagamento],[tipo]) VALUES(037,1,'Visa','Debito','2020-05-23','2019-12-10',2);
INSERT INTO Fatura([numfatura],[numparcela],[bandeira],[forma_pgto],[dtvencimento],[dtpagamento],[tipo]) VALUES(038,1,'Visa','Debito','2019-04-07','2019-02-12',2);
INSERT INTO Fatura([numfatura],[numparcela],[bandeira],[forma_pgto],[dtvencimento],[dtpagamento],[tipo]) VALUES(039,1,'Mastercard','Debito','2020-06-21','2020-09-15',2);
INSERT INTO Fatura([numfatura],[numparcela],[bandeira],[forma_pgto],[dtvencimento],[dtpagamento],[tipo]) VALUES(040,1,'Mastercard','Credito','2019-04-13','2019-10-03',2);
INSERT INTO Fatura([numfatura],[numparcela],[bandeira],[forma_pgto],[dtvencimento],[dtpagamento],[tipo]) VALUES(041,1,'Visa','Credito','2020-11-04','2020-03-26',2);
INSERT INTO Fatura([numfatura],[numparcela],[bandeira],[forma_pgto],[dtvencimento],[dtpagamento],[tipo]) VALUES(042,1,'Visa','Credito','2020-03-10','2019-03-17',2);
INSERT INTO Fatura([numfatura],[numparcela],[bandeira],[forma_pgto],[dtvencimento],[dtpagamento],[tipo]) VALUES(043,1,'Mastercard','Debito','2019-04-29','2019-08-05',2);
INSERT INTO Fatura([numfatura],[numparcela],[bandeira],[forma_pgto],[dtvencimento],[dtpagamento],[tipo]) VALUES(044,1,'Mastercard','Debito','2020-01-07','2018-12-04',2);
INSERT INTO Fatura([numfatura],[numparcela],[bandeira],[forma_pgto],[dtvencimento],[dtpagamento],[tipo]) VALUES(045,1,'Visa','Debito','2020-04-16','2020-08-21',2);
INSERT INTO Fatura([numfatura],[numparcela],[bandeira],[forma_pgto],[dtvencimento],[dtpagamento],[tipo]) VALUES(046,1,'Visa','Credito','2019-08-14','2019-07-12',2);
INSERT INTO Fatura([numfatura],[numparcela],[bandeira],[forma_pgto],[dtvencimento],[dtpagamento],[tipo]) VALUES(047,1,'Mastercard','Credito','2018-12-04','2019-01-10',2);
INSERT INTO Fatura([numfatura],[numparcela],[bandeira],[forma_pgto],[dtvencimento],[dtpagamento],[tipo]) VALUES(048,1,'Mastercard','Credito','2020-02-06','2020-08-08',2);
INSERT INTO Fatura([numfatura],[numparcela],[bandeira],[forma_pgto],[dtvencimento],[dtpagamento],[tipo]) VALUES(049,1,'Visa','Debito','2019-05-10','2020-09-09',2);
INSERT INTO Fatura([numfatura],[numparcela],[bandeira],[forma_pgto],[dtvencimento],[dtpagamento],[tipo]) VALUES(050,1,'Visa','Debito','2019-02-21','2020-09-28',2);
INSERT INTO Fatura([numfatura],[numparcela],[bandeira],[forma_pgto],[dtvencimento],[dtpagamento],[tipo]) VALUES(051,1,'Mastercard','Debito','2019-09-24','2019-12-20',2);
INSERT INTO Fatura([numfatura],[numparcela],[bandeira],[forma_pgto],[dtvencimento],[dtpagamento],[tipo]) VALUES(052,1,'Mastercard','Credito','2019-11-30','2019-06-29',2);
INSERT INTO Fatura([numfatura],[numparcela],[bandeira],[forma_pgto],[dtvencimento],[dtpagamento],[tipo]) VALUES(053,1,'Visa','Credito','2020-03-09','2019-11-03',2);
INSERT INTO Fatura([numfatura],[numparcela],[bandeira],[forma_pgto],[dtvencimento],[dtpagamento],[tipo]) VALUES(054,1,'Visa','Credito','2019-03-10','2019-02-21',2);
INSERT INTO Fatura([numfatura],[numparcela],[bandeira],[forma_pgto],[dtvencimento],[dtpagamento],[tipo]) VALUES(055,1,'Mastercard','Debito','2020-06-25','2020-01-14',2);
INSERT INTO Fatura([numfatura],[numparcela],[bandeira],[forma_pgto],[dtvencimento],[dtpagamento],[tipo]) VALUES(056,1,'Mastercard','Debito','2018-12-30','2019-09-18',2);
INSERT INTO Fatura([numfatura],[numparcela],[bandeira],[forma_pgto],[dtvencimento],[dtpagamento],[tipo]) VALUES(057,1,'Visa','Debito','2019-06-15','2019-05-05',2);
INSERT INTO Fatura([numfatura],[numparcela],[bandeira],[forma_pgto],[dtvencimento],[dtpagamento],[tipo]) VALUES(058,1,'Visa','Credito','2019-05-08','2020-01-20',2);
INSERT INTO Fatura([numfatura],[numparcela],[bandeira],[forma_pgto],[dtvencimento],[dtpagamento],[tipo]) VALUES(059,1,'Mastercard','Credito','2019-09-27','2020-05-12',2);
INSERT INTO Fatura([numfatura],[numparcela],[bandeira],[forma_pgto],[dtvencimento],[dtpagamento],[tipo]) VALUES(060,1,'Mastercard','Credito','2019-07-20','2020-08-04',2);
INSERT INTO Fatura([numfatura],[numparcela],[bandeira],[forma_pgto],[dtvencimento],[dtpagamento],[tipo]) VALUES(061,1,'Visa','Debito','2019-08-25','2019-06-18',2);
INSERT INTO Fatura([numfatura],[numparcela],[bandeira],[forma_pgto],[dtvencimento],[dtpagamento],[tipo]) VALUES(062,1,'Visa','Debito','2019-04-20','2019-01-02',2);
INSERT INTO Fatura([numfatura],[numparcela],[bandeira],[forma_pgto],[dtvencimento],[dtpagamento],[tipo]) VALUES(063,1,'Mastercard','Debito','2018-12-22','2020-06-10',2);
INSERT INTO Fatura([numfatura],[numparcela],[bandeira],[forma_pgto],[dtvencimento],[dtpagamento],[tipo]) VALUES(064,1,'Mastercard','Credito','2019-12-03','2018-12-02',2);
INSERT INTO Fatura([numfatura],[numparcela],[bandeira],[forma_pgto],[dtvencimento],[dtpagamento],[tipo]) VALUES(065,1,'Visa','Credito','2020-03-18','2020-11-10',2);
INSERT INTO Fatura([numfatura],[numparcela],[bandeira],[forma_pgto],[dtvencimento],[dtpagamento],[tipo]) VALUES(066,1,'Visa','Credito','2020-07-17','2020-05-12',2);
INSERT INTO Fatura([numfatura],[numparcela],[bandeira],[forma_pgto],[dtvencimento],[dtpagamento],[tipo]) VALUES(067,1,'Mastercard','Debito','2019-02-27','2019-10-15',2);
INSERT INTO Fatura([numfatura],[numparcela],[bandeira],[forma_pgto],[dtvencimento],[dtpagamento],[tipo]) VALUES(068,1,'Mastercard','Debito','2020-02-11','2020-10-10',2);
INSERT INTO Fatura([numfatura],[numparcela],[bandeira],[forma_pgto],[dtvencimento],[dtpagamento],[tipo]) VALUES(069,1,'Visa','Debito','2020-05-03','2020-06-23',2);
INSERT INTO Fatura([numfatura],[numparcela],[bandeira],[forma_pgto],[dtvencimento],[dtpagamento],[tipo]) VALUES(070,1,'Visa','Credito','2020-09-03','2019-07-05',2);
INSERT INTO Fatura([numfatura],[numparcela],[bandeira],[forma_pgto],[dtvencimento],[dtpagamento],[tipo]) VALUES(071,1,'Mastercard','Credito','2020-11-05','2019-12-29',2);
INSERT INTO Fatura([numfatura],[numparcela],[bandeira],[forma_pgto],[dtvencimento],[dtpagamento],[tipo]) VALUES(072,1,'Mastercard','Credito','2019-11-30','2019-02-05',2);
INSERT INTO Fatura([numfatura],[numparcela],[bandeira],[forma_pgto],[dtvencimento],[dtpagamento],[tipo]) VALUES(073,1,'Visa','Debito','2019-07-06','2020-06-20',2);
INSERT INTO Fatura([numfatura],[numparcela],[bandeira],[forma_pgto],[dtvencimento],[dtpagamento],[tipo]) VALUES(074,1,'Visa','Debito','2019-07-17','2018-12-02',2);
INSERT INTO Fatura([numfatura],[numparcela],[bandeira],[forma_pgto],[dtvencimento],[dtpagamento],[tipo]) VALUES(075,1,'Mastercard','Debito','2020-10-20','2019-06-18',2);
INSERT INTO Fatura([numfatura],[numparcela],[bandeira],[forma_pgto],[dtvencimento],[dtpagamento],[tipo]) VALUES(076,1,'Mastercard','Credito','2020-08-14','2020-10-19',2);
INSERT INTO Fatura([numfatura],[numparcela],[bandeira],[forma_pgto],[dtvencimento],[dtpagamento],[tipo]) VALUES(077,1,'Visa','Credito','2020-10-20','2019-08-07',2);
INSERT INTO Fatura([numfatura],[numparcela],[bandeira],[forma_pgto],[dtvencimento],[dtpagamento],[tipo]) VALUES(078,1,'Visa','Credito','2020-08-31','2020-08-30',2);
INSERT INTO Fatura([numfatura],[numparcela],[bandeira],[forma_pgto],[dtvencimento],[dtpagamento],[tipo]) VALUES(079,1,'Mastercard','Debito','2019-09-05','2020-02-14',2);
INSERT INTO Fatura([numfatura],[numparcela],[bandeira],[forma_pgto],[dtvencimento],[dtpagamento],[tipo]) VALUES(080,1,'Mastercard','Debito','2020-02-25','2020-07-04',2);
INSERT INTO Fatura([numfatura],[numparcela],[bandeira],[forma_pgto],[dtvencimento],[dtpagamento],[tipo]) VALUES(081,1,'Visa','Debito','2019-03-19','2019-02-23',2);
INSERT INTO Fatura([numfatura],[numparcela],[bandeira],[forma_pgto],[dtvencimento],[dtpagamento],[tipo]) VALUES(082,1,'Visa','Credito','2020-03-27','2019-08-02',2);
INSERT INTO Fatura([numfatura],[numparcela],[bandeira],[forma_pgto],[dtvencimento],[dtpagamento],[tipo]) VALUES(083,1,'Mastercard','Credito','2020-04-29','2020-03-21',2);
INSERT INTO Fatura([numfatura],[numparcela],[bandeira],[forma_pgto],[dtvencimento],[dtpagamento],[tipo]) VALUES(084,1,'Mastercard','Credito','2019-08-17','2019-09-09',2);
INSERT INTO Fatura([numfatura],[numparcela],[bandeira],[forma_pgto],[dtvencimento],[dtpagamento],[tipo]) VALUES(085,1,'Visa','Debito','2019-05-01','2020-10-22',2);
INSERT INTO Fatura([numfatura],[numparcela],[bandeira],[forma_pgto],[dtvencimento],[dtpagamento],[tipo]) VALUES(086,1,'Visa','Debito','2019-01-28','2019-02-07',2);
INSERT INTO Fatura([numfatura],[numparcela],[bandeira],[forma_pgto],[dtvencimento],[dtpagamento],[tipo]) VALUES(087,1,'Mastercard','Debito','2020-10-24','2020-04-05',2);
INSERT INTO Fatura([numfatura],[numparcela],[bandeira],[forma_pgto],[dtvencimento],[dtpagamento],[tipo]) VALUES(088,1,'Mastercard','Credito','2019-06-19','2020-04-23',2);
INSERT INTO Fatura([numfatura],[numparcela],[bandeira],[forma_pgto],[dtvencimento],[dtpagamento],[tipo]) VALUES(089,1,'Visa','Credito','2019-07-05','2020-01-04',2);
INSERT INTO Fatura([numfatura],[numparcela],[bandeira],[forma_pgto],[dtvencimento],[dtpagamento],[tipo]) VALUES(090,1,'Visa','Credito','2019-02-17','2019-04-18',2);
INSERT INTO Fatura([numfatura],[numparcela],[bandeira],[forma_pgto],[dtvencimento],[dtpagamento],[tipo]) VALUES(091,1,'Mastercard','Debito','2020-04-24','2019-01-09',2);
INSERT INTO Fatura([numfatura],[numparcela],[bandeira],[forma_pgto],[dtvencimento],[dtpagamento],[tipo]) VALUES(092,1,'Mastercard','Debito','2019-03-15','2020-03-28',2);
INSERT INTO Fatura([numfatura],[numparcela],[bandeira],[forma_pgto],[dtvencimento],[dtpagamento],[tipo]) VALUES(093,1,'Visa','Debito','2019-10-08','2019-11-11',2);
INSERT INTO Fatura([numfatura],[numparcela],[bandeira],[forma_pgto],[dtvencimento],[dtpagamento],[tipo]) VALUES(094,1,'Visa','Credito','2020-09-04','2020-08-24',2);
INSERT INTO Fatura([numfatura],[numparcela],[bandeira],[forma_pgto],[dtvencimento],[dtpagamento],[tipo]) VALUES(095,1,'Mastercard','Credito','2019-07-08','2020-09-15',2);
INSERT INTO Fatura([numfatura],[numparcela],[bandeira],[forma_pgto],[dtvencimento],[dtpagamento],[tipo]) VALUES(096,1,'Mastercard','Credito','2019-03-31','2020-10-15',2);
INSERT INTO Fatura([numfatura],[numparcela],[bandeira],[forma_pgto],[dtvencimento],[dtpagamento],[tipo]) VALUES(097,1,'Visa','Debito','2019-05-02','2020-09-09',2);
INSERT INTO Fatura([numfatura],[numparcela],[bandeira],[forma_pgto],[dtvencimento],[dtpagamento],[tipo]) VALUES(098,1,'Visa','Debito','2019-06-07','2020-03-28',2);
INSERT INTO Fatura([numfatura],[numparcela],[bandeira],[forma_pgto],[dtvencimento],[dtpagamento],[tipo]) VALUES(099,1,'Mastercard','Debito','2018-11-15','2020-09-29',2);
INSERT INTO Fatura([numfatura],[numparcela],[bandeira],[forma_pgto],[dtvencimento],[dtpagamento],[tipo]) VALUES(100,1,'Mastercard','Credito','2020-03-16','2019-07-21',2);
INSERT INTO Fatura([numfatura],[numparcela],[bandeira],[forma_pgto],[dtvencimento],[dtpagamento],[tipo]) VALUES(101,1,'Visa','Credito','2019-03-17','2019-08-01',2);
INSERT INTO Fatura([numfatura],[numparcela],[bandeira],[forma_pgto],[dtvencimento],[dtpagamento],[tipo]) VALUES(102,1,'Visa','Credito','2020-08-29','2019-05-15',2);
INSERT INTO Fatura([numfatura],[numparcela],[bandeira],[forma_pgto],[dtvencimento],[dtpagamento],[tipo]) VALUES(103,1,'Mastercard','Debito','2020-07-21','2019-05-30',2);
INSERT INTO Fatura([numfatura],[numparcela],[bandeira],[forma_pgto],[dtvencimento],[dtpagamento],[tipo]) VALUES(104,1,'Mastercard','Debito','2020-08-30','2020-10-06',2);
INSERT INTO Fatura([numfatura],[numparcela],[bandeira],[forma_pgto],[dtvencimento],[dtpagamento],[tipo]) VALUES(105,1,'Visa','Debito','2020-02-20','2019-07-18',2);
INSERT INTO Fatura([numfatura],[numparcela],[bandeira],[forma_pgto],[dtvencimento],[dtpagamento],[tipo]) VALUES(106,1,'Visa','Credito','2020-10-29','2020-02-25',2);
INSERT INTO Fatura([numfatura],[numparcela],[bandeira],[forma_pgto],[dtvencimento],[dtpagamento],[tipo]) VALUES(107,1,'Mastercard','Credito','2020-01-12','2018-11-12',2);
INSERT INTO Fatura([numfatura],[numparcela],[bandeira],[forma_pgto],[dtvencimento],[dtpagamento],[tipo]) VALUES(108,1,'Mastercard','Credito','2020-08-22','2019-07-20',2);
INSERT INTO Fatura([numfatura],[numparcela],[bandeira],[forma_pgto],[dtvencimento],[dtpagamento],[tipo]) VALUES(109,1,'Visa','Debito','2019-09-25','2020-02-23',2);
INSERT INTO Fatura([numfatura],[numparcela],[bandeira],[forma_pgto],[dtvencimento],[dtpagamento],[tipo]) VALUES(110,1,'Visa','Debito','2019-02-27','2020-06-27',2);
INSERT INTO Fatura([numfatura],[numparcela],[bandeira],[forma_pgto],[dtvencimento],[dtpagamento],[tipo]) VALUES(111,1,'Mastercard','Debito','2019-10-05','2020-01-28',2);
INSERT INTO Fatura([numfatura],[numparcela],[bandeira],[forma_pgto],[dtvencimento],[dtpagamento],[tipo]) VALUES(112,1,'Mastercard','Credito','2018-11-19','2020-01-17',2);
INSERT INTO Fatura([numfatura],[numparcela],[bandeira],[forma_pgto],[dtvencimento],[dtpagamento],[tipo]) VALUES(113,1,'Visa','Credito','2018-11-20','2019-06-20',2);
INSERT INTO Fatura([numfatura],[numparcela],[bandeira],[forma_pgto],[dtvencimento],[dtpagamento],[tipo]) VALUES(114,1,'Visa','Credito','2020-04-13','2020-08-10',2);
INSERT INTO Fatura([numfatura],[numparcela],[bandeira],[forma_pgto],[dtvencimento],[dtpagamento],[tipo]) VALUES(115,1,'Mastercard','Debito','2018-11-25','2020-08-19',2);
INSERT INTO Fatura([numfatura],[numparcela],[bandeira],[forma_pgto],[dtvencimento],[dtpagamento],[tipo]) VALUES(116,1,'Mastercard','Debito','2019-06-08','2020-02-09',2);
INSERT INTO Fatura([numfatura],[numparcela],[bandeira],[forma_pgto],[dtvencimento],[dtpagamento],[tipo]) VALUES(117,1,'Visa','Debito','2020-04-25','2020-03-08',2);
INSERT INTO Fatura([numfatura],[numparcela],[bandeira],[forma_pgto],[dtvencimento],[dtpagamento],[tipo]) VALUES(118,1,'Visa','Credito','2020-03-24','2019-10-15',2);
INSERT INTO Fatura([numfatura],[numparcela],[bandeira],[forma_pgto],[dtvencimento],[dtpagamento],[tipo]) VALUES(119,1,'Mastercard','Credito','2018-12-31','2019-08-21',2);
INSERT INTO Fatura([numfatura],[numparcela],[bandeira],[forma_pgto],[dtvencimento],[dtpagamento],[tipo]) VALUES(120,1,'Mastercard','Credito','2019-08-04','2019-11-07',2);
INSERT INTO Fatura([numfatura],[numparcela],[bandeira],[forma_pgto],[dtvencimento],[dtpagamento],[tipo]) VALUES(121,1,'Visa','Debito','2019-10-08','2019-03-21',2);
INSERT INTO Fatura([numfatura],[numparcela],[bandeira],[forma_pgto],[dtvencimento],[dtpagamento],[tipo]) VALUES(122,1,'Visa','Debito','2020-03-12','2019-08-01',2);
INSERT INTO Fatura([numfatura],[numparcela],[bandeira],[forma_pgto],[dtvencimento],[dtpagamento],[tipo]) VALUES(123,1,'Mastercard','Debito','2019-10-31','2019-09-24',2);
INSERT INTO Fatura([numfatura],[numparcela],[bandeira],[forma_pgto],[dtvencimento],[dtpagamento],[tipo]) VALUES(124,1,'Mastercard','Credito','2020-05-12','2019-02-13',2);
INSERT INTO Fatura([numfatura],[numparcela],[bandeira],[forma_pgto],[dtvencimento],[dtpagamento],[tipo]) VALUES(125,1,'Visa','Credito','2019-02-16','2019-12-09',2);
INSERT INTO Fatura([numfatura],[numparcela],[bandeira],[forma_pgto],[dtvencimento],[dtpagamento],[tipo]) VALUES(126,1,'Visa','Credito','2020-07-31','2020-03-03',2);
INSERT INTO Fatura([numfatura],[numparcela],[bandeira],[forma_pgto],[dtvencimento],[dtpagamento],[tipo]) VALUES(127,1,'Mastercard','Debito','2019-02-20','2020-10-09',2);
INSERT INTO Fatura([numfatura],[numparcela],[bandeira],[forma_pgto],[dtvencimento],[dtpagamento],[tipo]) VALUES(128,1,'Mastercard','Debito','2019-01-20','2019-02-07',2);
INSERT INTO Fatura([numfatura],[numparcela],[bandeira],[forma_pgto],[dtvencimento],[dtpagamento],[tipo]) VALUES(129,1,'Visa','Debito','2019-11-30','2019-04-06',2);
INSERT INTO Fatura([numfatura],[numparcela],[bandeira],[forma_pgto],[dtvencimento],[dtpagamento],[tipo]) VALUES(130,1,'Visa','Credito','2020-08-13','2020-05-28',2);

-- Fatura_Venda
INSERT INTO Fatura_Venda([numfatura],[numnota]) VALUES(1,1);
INSERT INTO Fatura_Venda([numfatura],[numnota]) VALUES(2,2);
INSERT INTO Fatura_Venda([numfatura],[numnota]) VALUES(3,3);
INSERT INTO Fatura_Venda([numfatura],[numnota]) VALUES(4,4);
INSERT INTO Fatura_Venda([numfatura],[numnota]) VALUES(5,5);
INSERT INTO Fatura_Venda([numfatura],[numnota]) VALUES(6,6);
INSERT INTO Fatura_Venda([numfatura],[numnota]) VALUES(7,7);
INSERT INTO Fatura_Venda([numfatura],[numnota]) VALUES(8,8);
INSERT INTO Fatura_Venda([numfatura],[numnota]) VALUES(9,9);
INSERT INTO Fatura_Venda([numfatura],[numnota]) VALUES(10,10);

-- Fatura_compraprod
INSERT INTO Fatura_Compraprod([numfatura],[numnota_prod]) VALUES(11,1);
INSERT INTO Fatura_Compraprod([numfatura],[numnota_prod]) VALUES(12,2);
INSERT INTO Fatura_Compraprod([numfatura],[numnota_prod]) VALUES(13,3);
INSERT INTO Fatura_Compraprod([numfatura],[numnota_prod]) VALUES(14,4);
INSERT INTO Fatura_Compraprod([numfatura],[numnota_prod]) VALUES(15,5);
INSERT INTO Fatura_Compraprod([numfatura],[numnota_prod]) VALUES(16,6);
INSERT INTO Fatura_Compraprod([numfatura],[numnota_prod]) VALUES(17,7);
INSERT INTO Fatura_Compraprod([numfatura],[numnota_prod]) VALUES(18,8);
INSERT INTO Fatura_Compraprod([numfatura],[numnota_prod]) VALUES(19,9);
INSERT INTO Fatura_Compraprod([numfatura],[numnota_prod]) VALUES(20,10);
INSERT INTO Fatura_Compraprod([numfatura],[numnota_prod]) VALUES(21,11);
INSERT INTO Fatura_Compraprod([numfatura],[numnota_prod]) VALUES(22,12);
INSERT INTO Fatura_Compraprod([numfatura],[numnota_prod]) VALUES(23,13);
INSERT INTO Fatura_Compraprod([numfatura],[numnota_prod]) VALUES(24,14);
INSERT INTO Fatura_Compraprod([numfatura],[numnota_prod]) VALUES(25,15);
INSERT INTO Fatura_Compraprod([numfatura],[numnota_prod]) VALUES(26,16);
INSERT INTO Fatura_Compraprod([numfatura],[numnota_prod]) VALUES(27,17);
INSERT INTO Fatura_Compraprod([numfatura],[numnota_prod]) VALUES(28,18);
INSERT INTO Fatura_Compraprod([numfatura],[numnota_prod]) VALUES(29,19);
INSERT INTO Fatura_Compraprod([numfatura],[numnota_prod]) VALUES(30,20);

-- Fatura_comprainsumo
INSERT INTO Fatura_Comprainsumo([numfatura],[numnota_insumo]) VALUES(31,1);
INSERT INTO Fatura_Comprainsumo([numfatura],[numnota_insumo]) VALUES(32,2);
INSERT INTO Fatura_Comprainsumo([numfatura],[numnota_insumo]) VALUES(33,3);
INSERT INTO Fatura_Comprainsumo([numfatura],[numnota_insumo]) VALUES(34,4);
INSERT INTO Fatura_Comprainsumo([numfatura],[numnota_insumo]) VALUES(35,5);
INSERT INTO Fatura_Comprainsumo([numfatura],[numnota_insumo]) VALUES(36,6);
INSERT INTO Fatura_Comprainsumo([numfatura],[numnota_insumo]) VALUES(37,7);
INSERT INTO Fatura_Comprainsumo([numfatura],[numnota_insumo]) VALUES(38,8);
INSERT INTO Fatura_Comprainsumo([numfatura],[numnota_insumo]) VALUES(39,9);
INSERT INTO Fatura_Comprainsumo([numfatura],[numnota_insumo]) VALUES(40,10);
INSERT INTO Fatura_Comprainsumo([numfatura],[numnota_insumo]) VALUES(41,11);
INSERT INTO Fatura_Comprainsumo([numfatura],[numnota_insumo]) VALUES(42,12);
INSERT INTO Fatura_Comprainsumo([numfatura],[numnota_insumo]) VALUES(43,13);
INSERT INTO Fatura_Comprainsumo([numfatura],[numnota_insumo]) VALUES(44,14);
INSERT INTO Fatura_Comprainsumo([numfatura],[numnota_insumo]) VALUES(45,15);
INSERT INTO Fatura_Comprainsumo([numfatura],[numnota_insumo]) VALUES(46,16);
INSERT INTO Fatura_Comprainsumo([numfatura],[numnota_insumo]) VALUES(47,17);
INSERT INTO Fatura_Comprainsumo([numfatura],[numnota_insumo]) VALUES(48,18);
INSERT INTO Fatura_Comprainsumo([numfatura],[numnota_insumo]) VALUES(49,19);
INSERT INTO Fatura_Comprainsumo([numfatura],[numnota_insumo]) VALUES(50,20);
INSERT INTO Fatura_Comprainsumo([numfatura],[numnota_insumo]) VALUES(51,21);
INSERT INTO Fatura_Comprainsumo([numfatura],[numnota_insumo]) VALUES(52,22);
INSERT INTO Fatura_Comprainsumo([numfatura],[numnota_insumo]) VALUES(53,23);
INSERT INTO Fatura_Comprainsumo([numfatura],[numnota_insumo]) VALUES(54,24);
INSERT INTO Fatura_Comprainsumo([numfatura],[numnota_insumo]) VALUES(55,25);
INSERT INTO Fatura_Comprainsumo([numfatura],[numnota_insumo]) VALUES(56,26);
INSERT INTO Fatura_Comprainsumo([numfatura],[numnota_insumo]) VALUES(57,27);
INSERT INTO Fatura_Comprainsumo([numfatura],[numnota_insumo]) VALUES(58,28);
INSERT INTO Fatura_Comprainsumo([numfatura],[numnota_insumo]) VALUES(59,29);
INSERT INTO Fatura_Comprainsumo([numfatura],[numnota_insumo]) VALUES(60,30);
INSERT INTO Fatura_Comprainsumo([numfatura],[numnota_insumo]) VALUES(61,31);
INSERT INTO Fatura_Comprainsumo([numfatura],[numnota_insumo]) VALUES(62,32);
INSERT INTO Fatura_Comprainsumo([numfatura],[numnota_insumo]) VALUES(63,33);
INSERT INTO Fatura_Comprainsumo([numfatura],[numnota_insumo]) VALUES(64,34);
INSERT INTO Fatura_Comprainsumo([numfatura],[numnota_insumo]) VALUES(65,35);
INSERT INTO Fatura_Comprainsumo([numfatura],[numnota_insumo]) VALUES(66,36);
INSERT INTO Fatura_Comprainsumo([numfatura],[numnota_insumo]) VALUES(67,37);
INSERT INTO Fatura_Comprainsumo([numfatura],[numnota_insumo]) VALUES(68,38);
INSERT INTO Fatura_Comprainsumo([numfatura],[numnota_insumo]) VALUES(69,39);
INSERT INTO Fatura_Comprainsumo([numfatura],[numnota_insumo]) VALUES(70,40);
INSERT INTO Fatura_Comprainsumo([numfatura],[numnota_insumo]) VALUES(71,41);
INSERT INTO Fatura_Comprainsumo([numfatura],[numnota_insumo]) VALUES(72,42);
INSERT INTO Fatura_Comprainsumo([numfatura],[numnota_insumo]) VALUES(73,43);
INSERT INTO Fatura_Comprainsumo([numfatura],[numnota_insumo]) VALUES(74,44);
INSERT INTO Fatura_Comprainsumo([numfatura],[numnota_insumo]) VALUES(75,45);
INSERT INTO Fatura_Comprainsumo([numfatura],[numnota_insumo]) VALUES(76,46);
INSERT INTO Fatura_Comprainsumo([numfatura],[numnota_insumo]) VALUES(77,47);
INSERT INTO Fatura_Comprainsumo([numfatura],[numnota_insumo]) VALUES(78,48);
INSERT INTO Fatura_Comprainsumo([numfatura],[numnota_insumo]) VALUES(79,49);
INSERT INTO Fatura_Comprainsumo([numfatura],[numnota_insumo]) VALUES(80,50);
INSERT INTO Fatura_Comprainsumo([numfatura],[numnota_insumo]) VALUES(81,51);
INSERT INTO Fatura_Comprainsumo([numfatura],[numnota_insumo]) VALUES(82,52);
INSERT INTO Fatura_Comprainsumo([numfatura],[numnota_insumo]) VALUES(83,53);
INSERT INTO Fatura_Comprainsumo([numfatura],[numnota_insumo]) VALUES(84,54);
INSERT INTO Fatura_Comprainsumo([numfatura],[numnota_insumo]) VALUES(85,55);
INSERT INTO Fatura_Comprainsumo([numfatura],[numnota_insumo]) VALUES(86,56);
INSERT INTO Fatura_Comprainsumo([numfatura],[numnota_insumo]) VALUES(87,57);
INSERT INTO Fatura_Comprainsumo([numfatura],[numnota_insumo]) VALUES(88,58);
INSERT INTO Fatura_Comprainsumo([numfatura],[numnota_insumo]) VALUES(89,59);
INSERT INTO Fatura_Comprainsumo([numfatura],[numnota_insumo]) VALUES(90,60);
INSERT INTO Fatura_Comprainsumo([numfatura],[numnota_insumo]) VALUES(91,61);
INSERT INTO Fatura_Comprainsumo([numfatura],[numnota_insumo]) VALUES(92,62);
INSERT INTO Fatura_Comprainsumo([numfatura],[numnota_insumo]) VALUES(93,63);
INSERT INTO Fatura_Comprainsumo([numfatura],[numnota_insumo]) VALUES(94,64);
INSERT INTO Fatura_Comprainsumo([numfatura],[numnota_insumo]) VALUES(95,65);
INSERT INTO Fatura_Comprainsumo([numfatura],[numnota_insumo]) VALUES(96,66);
INSERT INTO Fatura_Comprainsumo([numfatura],[numnota_insumo]) VALUES(97,67);
INSERT INTO Fatura_Comprainsumo([numfatura],[numnota_insumo]) VALUES(98,68);
INSERT INTO Fatura_Comprainsumo([numfatura],[numnota_insumo]) VALUES(99,69);
INSERT INTO Fatura_Comprainsumo([numfatura],[numnota_insumo]) VALUES(100,70);
INSERT INTO Fatura_Comprainsumo([numfatura],[numnota_insumo]) VALUES(101,71);
INSERT INTO Fatura_Comprainsumo([numfatura],[numnota_insumo]) VALUES(102,72);
INSERT INTO Fatura_Comprainsumo([numfatura],[numnota_insumo]) VALUES(103,73);
INSERT INTO Fatura_Comprainsumo([numfatura],[numnota_insumo]) VALUES(104,74);
INSERT INTO Fatura_Comprainsumo([numfatura],[numnota_insumo]) VALUES(105,75);
INSERT INTO Fatura_Comprainsumo([numfatura],[numnota_insumo]) VALUES(106,76);
INSERT INTO Fatura_Comprainsumo([numfatura],[numnota_insumo]) VALUES(107,77);
INSERT INTO Fatura_Comprainsumo([numfatura],[numnota_insumo]) VALUES(108,78);
INSERT INTO Fatura_Comprainsumo([numfatura],[numnota_insumo]) VALUES(109,79);
INSERT INTO Fatura_Comprainsumo([numfatura],[numnota_insumo]) VALUES(110,80);
INSERT INTO Fatura_Comprainsumo([numfatura],[numnota_insumo]) VALUES(111,81);
INSERT INTO Fatura_Comprainsumo([numfatura],[numnota_insumo]) VALUES(112,82);
INSERT INTO Fatura_Comprainsumo([numfatura],[numnota_insumo]) VALUES(113,83);
INSERT INTO Fatura_Comprainsumo([numfatura],[numnota_insumo]) VALUES(114,84);
INSERT INTO Fatura_Comprainsumo([numfatura],[numnota_insumo]) VALUES(115,85);
INSERT INTO Fatura_Comprainsumo([numfatura],[numnota_insumo]) VALUES(116,86);
INSERT INTO Fatura_Comprainsumo([numfatura],[numnota_insumo]) VALUES(117,87);
INSERT INTO Fatura_Comprainsumo([numfatura],[numnota_insumo]) VALUES(118,88);
INSERT INTO Fatura_Comprainsumo([numfatura],[numnota_insumo]) VALUES(119,89);
INSERT INTO Fatura_Comprainsumo([numfatura],[numnota_insumo]) VALUES(120,90);
INSERT INTO Fatura_Comprainsumo([numfatura],[numnota_insumo]) VALUES(121,91);
INSERT INTO Fatura_Comprainsumo([numfatura],[numnota_insumo]) VALUES(122,92);
INSERT INTO Fatura_Comprainsumo([numfatura],[numnota_insumo]) VALUES(123,93);
INSERT INTO Fatura_Comprainsumo([numfatura],[numnota_insumo]) VALUES(124,94);
INSERT INTO Fatura_Comprainsumo([numfatura],[numnota_insumo]) VALUES(125,95);
INSERT INTO Fatura_Comprainsumo([numfatura],[numnota_insumo]) VALUES(126,96);
INSERT INTO Fatura_Comprainsumo([numfatura],[numnota_insumo]) VALUES(127,97);
INSERT INTO Fatura_Comprainsumo([numfatura],[numnota_insumo]) VALUES(128,98);
INSERT INTO Fatura_Comprainsumo([numfatura],[numnota_insumo]) VALUES(129,99);
INSERT INTO Fatura_Comprainsumo([numfatura],[numnota_insumo]) VALUES(130,100);